2026-09-30 16:43:16 INFO  [main] traceId= spanId= c.e.c.CartOrderServiceApplication : Starting CartOrderServiceApplication using Java 25.0.2 with PID 53403 (/Users/canzova/IdeaProjects/MicroDevops/cart-order-service/target/classes started by canzova in /Users/canzova/IdeaProjects/MicroDevops)
2026-09-30 16:43:16 DEBUG [main] traceId= spanId= c.e.c.CartOrderServiceApplication : Running with Spring Boot v4.0.6, Spring v7.0.7
2026-09-30 16:43:16 INFO  [main] traceId= spanId= c.e.c.CartOrderServiceApplication : No active profile set, falling back to 1 default profile: "default"
2026-09-30 16:43:16 INFO  [main] traceId= spanId= o.s.c.c.c.ConfigServerConfigDataLoader : Fetching config from server at : http://localhost:8079
2026-09-30 16:43:16 INFO  [main] traceId= spanId= o.s.c.c.c.ConfigServerConfigDataLoader : Located environment: name=cart-order-service, profiles=[default], label=null, version=81c6b54ba943cc23f3785a62bdfb85381b2433f3, state=
2026-09-30 16:43:17 INFO  [main] traceId= spanId= o.s.d.r.c.RepositoryConfigurationDelegate : Bootstrapping Spring Data JPA repositories in DEFAULT mode.
2026-09-30 16:43:17 INFO  [main] traceId= spanId= o.s.d.r.c.RepositoryConfigurationDelegate : Finished Spring Data repository scanning in 89 ms. Found 4 JPA repository interfaces.
2026-09-30 16:43:17 INFO  [main] traceId= spanId= o.s.i.c.DefaultConfiguringBeanFactoryPostProcessor : No bean named 'errorChannel' has been explicitly defined. Therefore, a default PublishSubscribeChannel will be created.
2026-09-30 16:43:17 INFO  [main] traceId= spanId= o.s.i.c.DefaultConfiguringBeanFactoryPostProcessor : No bean named 'integrationHeaderChannelRegistry' has been explicitly defined. Therefore, a default DefaultHeaderChannelRegistry will be created.
2026-09-30 16:43:17 INFO  [main] traceId= spanId= o.s.cloud.context.scope.GenericScope : BeanFactory id=619e1bdb-19cf-3e8c-b179-f20fa033e72d
2026-09-30 16:43:18 INFO  [main] traceId= spanId= o.s.boot.tomcat.TomcatWebServer : Tomcat initialized with port 8081 (http)
2026-09-30 16:43:18 INFO  [main] traceId= spanId= o.a.catalina.core.StandardService : Starting service [Tomcat]
2026-09-30 16:43:18 INFO  [main] traceId= spanId= o.a.catalina.core.StandardEngine : Starting Servlet engine: [Apache Tomcat/11.0.21]
2026-09-30 16:43:18 INFO  [main] traceId= spanId= o.s.b.w.c.s.WebApplicationContextInitializer : Root WebApplicationContext: initialization completed in 1531 ms
2026-09-30 16:43:18 INFO  [main] traceId= spanId= org.hibernate.orm.jpa : HHH008540: Processing PersistenceUnitInfo [name: default]
2026-09-30 16:43:18 INFO  [main] traceId= spanId= org.hibernate.orm.core : HHH000001: Hibernate ORM core version 7.2.12.Final
2026-09-30 16:43:18 INFO  [main] traceId= spanId= o.s.o.j.p.SpringPersistenceUnitInfo : No LoadTimeWeaver setup: ignoring JPA class transformer
2026-09-30 16:43:18 INFO  [main] traceId= spanId= com.zaxxer.hikari.HikariDataSource : HikariPool-1 - Starting...
2026-09-30 16:43:18 INFO  [main] traceId= spanId= com.zaxxer.hikari.pool.HikariPool : HikariPool-1 - Added connection com.mysql.cj.jdbc.ConnectionImpl@73ca241d
2026-09-30 16:43:18 INFO  [main] traceId= spanId= com.zaxxer.hikari.HikariDataSource : HikariPool-1 - Start completed.
2026-09-30 16:43:19 WARN  [main] traceId= spanId= org.hibernate.orm.deprecation : HHH90000025: MySQLDialect does not need to be specified explicitly using 'hibernate.dialect' (remove the property setting and it will be selected by default)
2026-09-30 16:43:19 INFO  [main] traceId= spanId= o.hibernate.orm.connections.pooling : HHH10001005: Database info:
	Database JDBC URL [jdbc:mysql://localhost:3306/order_db]
	Database driver: MySQL Connector/J
	Database dialect: MySQLDialect
	Database version: 8.4.9
	Default catalog/schema: order_db/undefined
	Autocommit mode: undefined/unknown
	Isolation level: REPEATABLE_READ [default REPEATABLE_READ]
	JDBC fetch size: none
	Pool: DataSourceConnectionProvider
	Minimum pool size: undefined/unknown
	Maximum pool size: undefined/unknown
2026-09-30 16:43:19 INFO  [main] traceId= spanId= org.hibernate.orm.core : HHH000489: No JTA platform available (set 'hibernate.transaction.jta.platform' to enable JTA platform integration)
2026-09-30 16:43:19 INFO  [main] traceId= spanId= o.s.o.j.LocalContainerEntityManagerFactoryBean : Initialized JPA EntityManagerFactory for persistence unit 'default'
2026-09-30 16:43:19 INFO  [main] traceId= spanId= o.s.d.j.r.q.QueryEnhancerFactories : Hibernate is in classpath; If applicable, HQL parser will be used.
2026-09-30 16:43:19 WARN  [main] traceId= spanId= o.s.b.j.a.JpaBaseConfiguration$JpaWebConfiguration : spring.jpa.open-in-view is enabled by default. Therefore, database queries may be performed during view rendering. Explicitly configure spring.jpa.open-in-view to disable this warning
2026-09-30 16:43:20 INFO  [main] traceId= spanId= o.s.c.o.FeignClientFactoryBean : For 'USER-SERVICE' URL not provided. Will try picking an instance via load-balancing.
2026-09-30 16:43:20 INFO  [main] traceId= spanId= o.s.c.o.FeignClientFactoryBean : For 'PRODUCT-CATEGORY-SERVICE' URL not provided. Will try picking an instance via load-balancing.
2026-09-30 16:43:20 WARN  [main] traceId= spanId= o.s.b.w.s.s.c.AnnotationConfigServletWebServerApplicationContext : Exception encountered during context initialization - cancelling refresh attempt: org.springframework.beans.factory.BeanCreationException: Error creating bean with name 'orderServiceImplementation': Lookup method resolution failed
2026-09-30 16:43:20 WARN  [main] traceId= spanId= o.s.c.a.AnnotationConfigApplicationContext : Exception thrown from ApplicationListener handling ContextClosedEvent
org.springframework.beans.factory.BeanCreationNotAllowedException: Error creating bean with name 'rabbitConnectionFactory': Singleton bean creation not allowed while singletons of this factory are in destruction (Do not request a bean from a BeanFactory in a destroy method implementation!)
	at org.springframework.beans.factory.support.DefaultSingletonBeanRegistry.getSingleton(DefaultSingletonBeanRegistry.java:301)
	at org.springframework.beans.factory.support.AbstractBeanFactory.doGetBean(AbstractBeanFactory.java:331)
	at org.springframework.beans.factory.support.AbstractBeanFactory.getBean(AbstractBeanFactory.java:201)
	at org.springframework.context.event.AbstractApplicationEventMulticaster.retrieveApplicationListeners(AbstractApplicationEventMulticaster.java:266)
	at org.springframework.context.event.AbstractApplicationEventMulticaster.getApplicationListeners(AbstractApplicationEventMulticaster.java:222)
	at org.springframework.context.event.SimpleApplicationEventMulticaster.multicastEvent(SimpleApplicationEventMulticaster.java:140)
	at org.springframework.context.support.AbstractApplicationContext.publishEvent(AbstractApplicationContext.java:448)
	at org.springframework.context.support.AbstractApplicationContext.publishEvent(AbstractApplicationContext.java:454)
	at org.springframework.context.support.AbstractApplicationContext.publishEvent(AbstractApplicationContext.java:381)
	at org.springframework.context.support.AbstractApplicationContext.doClose(AbstractApplicationContext.java:1190)
	at org.springframework.context.support.AbstractApplicationContext.close(AbstractApplicationContext.java:1153)
	at org.springframework.cloud.context.named.NamedContextFactory.destroy(NamedContextFactory.java:116)
	at org.springframework.beans.factory.support.DisposableBeanAdapter.destroy(DisposableBeanAdapter.java:209)
	at org.springframework.beans.factory.support.DefaultSingletonBeanRegistry.destroyBean(DefaultSingletonBeanRegistry.java:795)
	at org.springframework.beans.factory.support.DefaultSingletonBeanRegistry.destroySingleton(DefaultSingletonBeanRegistry.java:745)
	at org.springframework.beans.factory.support.DefaultListableBeanFactory.destroySingleton(DefaultListableBeanFactory.java:1500)
	at org.springframework.beans.factory.support.DefaultSingletonBeanRegistry.destroySingletons(DefaultSingletonBeanRegistry.java:704)
	at org.springframework.beans.factory.support.DefaultListableBeanFactory.destroySingletons(DefaultListableBeanFactory.java:1493)
	at org.springframework.context.support.AbstractApplicationContext.destroyBeans(AbstractApplicationContext.java:1246)
	at org.springframework.context.support.AbstractApplicationContext.refresh(AbstractApplicationContext.java:644)
	at org.springframework.boot.web.server.servlet.context.ServletWebServerApplicationContext.refresh(ServletWebServerApplicationContext.java:143)
	at org.springframework.boot.SpringApplication.refresh(SpringApplication.java:756)
	at org.springframework.boot.SpringApplication.refreshContext(SpringApplication.java:445)
	at org.springframework.boot.SpringApplication.run(SpringApplication.java:321)
	at org.springframework.boot.SpringApplication.run(SpringApplication.java:1365)
	at org.springframework.boot.SpringApplication.run(SpringApplication.java:1354)
	at com.easybuy.cart_order.CartOrderServiceApplication.main(CartOrderServiceApplication.java:14)
2026-09-30 16:43:20 WARN  [main] traceId= spanId= o.s.c.a.AnnotationConfigApplicationContext : Exception thrown from ApplicationListener handling ContextClosedEvent
org.springframework.beans.factory.BeanCreationNotAllowedException: Error creating bean with name 'rabbitConnectionFactory': Singleton bean creation not allowed while singletons of this factory are in destruction (Do not request a bean from a BeanFactory in a destroy method implementation!)
	at org.springframework.beans.factory.support.DefaultSingletonBeanRegistry.getSingleton(DefaultSingletonBeanRegistry.java:301)
	at org.springframework.beans.factory.support.AbstractBeanFactory.doGetBean(AbstractBeanFactory.java:331)
	at org.springframework.beans.factory.support.AbstractBeanFactory.getBean(AbstractBeanFactory.java:201)
	at org.springframework.context.event.AbstractApplicationEventMulticaster.retrieveApplicationListeners(AbstractApplicationEventMulticaster.java:266)
	at org.springframework.context.event.AbstractApplicationEventMulticaster.getApplicationListeners(AbstractApplicationEventMulticaster.java:222)
	at org.springframework.context.event.SimpleApplicationEventMulticaster.multicastEvent(SimpleApplicationEventMulticaster.java:140)
	at org.springframework.context.support.AbstractApplicationContext.publishEvent(AbstractApplicationContext.java:448)
	at org.springframework.context.support.AbstractApplicationContext.publishEvent(AbstractApplicationContext.java:454)
	at org.springframework.context.support.AbstractApplicationContext.publishEvent(AbstractApplicationContext.java:381)
	at org.springframework.context.support.AbstractApplicationContext.doClose(AbstractApplicationContext.java:1190)
	at org.springframework.context.support.AbstractApplicationContext.close(AbstractApplicationContext.java:1153)
	at org.springframework.cloud.context.named.NamedContextFactory.destroy(NamedContextFactory.java:116)
	at org.springframework.beans.factory.support.DisposableBeanAdapter.destroy(DisposableBeanAdapter.java:209)
	at org.springframework.beans.factory.support.DefaultSingletonBeanRegistry.destroyBean(DefaultSingletonBeanRegistry.java:795)
	at org.springframework.beans.factory.support.DefaultSingletonBeanRegistry.destroySingleton(DefaultSingletonBeanRegistry.java:745)
	at org.springframework.beans.factory.support.DefaultListableBeanFactory.destroySingleton(DefaultListableBeanFactory.java:1500)
	at org.springframework.beans.factory.support.DefaultSingletonBeanRegistry.destroySingletons(DefaultSingletonBeanRegistry.java:704)
	at org.springframework.beans.factory.support.DefaultListableBeanFactory.destroySingletons(DefaultListableBeanFactory.java:1493)
	at org.springframework.context.support.AbstractApplicationContext.destroyBeans(AbstractApplicationContext.java:1246)
	at org.springframework.context.support.AbstractApplicationContext.refresh(AbstractApplicationContext.java:644)
	at org.springframework.boot.web.server.servlet.context.ServletWebServerApplicationContext.refresh(ServletWebServerApplicationContext.java:143)
	at org.springframework.boot.SpringApplication.refresh(SpringApplication.java:756)
	at org.springframework.boot.SpringApplication.refreshContext(SpringApplication.java:445)
	at org.springframework.boot.SpringApplication.run(SpringApplication.java:321)
	at org.springframework.boot.SpringApplication.run(SpringApplication.java:1365)
	at org.springframework.boot.SpringApplication.run(SpringApplication.java:1354)
	at com.easybuy.cart_order.CartOrderServiceApplication.main(CartOrderServiceApplication.java:14)
2026-09-30 16:43:20 INFO  [main] traceId= spanId= o.s.o.j.LocalContainerEntityManagerFactoryBean : Closing JPA EntityManagerFactory for persistence unit 'default'
2026-09-30 16:43:20 INFO  [main] traceId= spanId= com.zaxxer.hikari.HikariDataSource : HikariPool-1 - Shutdown initiated...
2026-09-30 16:43:20 INFO  [main] traceId= spanId= com.zaxxer.hikari.HikariDataSource : HikariPool-1 - Shutdown completed.
2026-09-30 16:43:20 INFO  [main] traceId= spanId= o.a.catalina.core.StandardService : Stopping service [Tomcat]
2026-09-30 16:43:20 INFO  [main] traceId= spanId= o.s.b.a.l.ConditionEvaluationReportLogger : 

Error starting ApplicationContext. To display the condition evaluation report re-run your application with 'debug' enabled.
2026-09-30 16:43:20 ERROR [main] traceId= spanId= o.s.boot.SpringApplication : Application run failed
org.springframework.beans.factory.BeanCreationException: Error creating bean with name 'orderServiceImplementation': Lookup method resolution failed
	at org.springframework.beans.factory.annotation.AutowiredAnnotationBeanPostProcessor.checkLookupMethods(AutowiredAnnotationBeanPostProcessor.java:482)
	at org.springframework.beans.factory.annotation.AutowiredAnnotationBeanPostProcessor.determineCandidateConstructors(AutowiredAnnotationBeanPostProcessor.java:352)
	at org.springframework.beans.factory.support.AbstractAutowireCapableBeanFactory.determineConstructorsFromBeanPostProcessors(AbstractAutowireCapableBeanFactory.java:1321)
	at org.springframework.beans.factory.support.AbstractAutowireCapableBeanFactory.createBeanInstance(AbstractAutowireCapableBeanFactory.java:1218)
	at org.springframework.beans.factory.support.AbstractAutowireCapableBeanFactory.doCreateBean(AbstractAutowireCapableBeanFactory.java:565)
	at org.springframework.beans.factory.support.AbstractAutowireCapableBeanFactory.createBean(AbstractAutowireCapableBeanFactory.java:525)
	at org.springframework.beans.factory.support.AbstractBeanFactory.lambda$doGetBean$0(AbstractBeanFactory.java:333)
	at org.springframework.beans.factory.support.DefaultSingletonBeanRegistry.getSingleton(DefaultSingletonBeanRegistry.java:371)
	at org.springframework.beans.factory.support.AbstractBeanFactory.doGetBean(AbstractBeanFactory.java:331)
	at org.springframework.beans.factory.support.AbstractBeanFactory.getBean(AbstractBeanFactory.java:196)
	at org.springframework.beans.factory.support.DefaultListableBeanFactory.instantiateSingleton(DefaultListableBeanFactory.java:1218)
	at org.springframework.beans.factory.support.DefaultListableBeanFactory.preInstantiateSingleton(DefaultListableBeanFactory.java:1184)
	at org.springframework.beans.factory.support.DefaultListableBeanFactory.preInstantiateSingletons(DefaultListableBeanFactory.java:1121)
	at org.springframework.context.support.AbstractApplicationContext.finishBeanFactoryInitialization(AbstractApplicationContext.java:994)
	at org.springframework.context.support.AbstractApplicationContext.refresh(AbstractApplicationContext.java:621)
	at org.springframework.boot.web.server.servlet.context.ServletWebServerApplicationContext.refresh(ServletWebServerApplicationContext.java:143)
	at org.springframework.boot.SpringApplication.refresh(SpringApplication.java:756)
	at org.springframework.boot.SpringApplication.refreshContext(SpringApplication.java:445)
	at org.springframework.boot.SpringApplication.run(SpringApplication.java:321)
	at org.springframework.boot.SpringApplication.run(SpringApplication.java:1365)
	at org.springframework.boot.SpringApplication.run(SpringApplication.java:1354)
	at com.easybuy.cart_order.CartOrderServiceApplication.main(CartOrderServiceApplication.java:14)
Caused by: java.lang.IllegalStateException: Failed to introspect Class [com.easybuy.cart_order.Service.implementations.OrderServiceImplementation] from ClassLoader [jdk.internal.loader.ClassLoaders$AppClassLoader@14dad5dc]
	at org.springframework.util.ReflectionUtils.getDeclaredMethods(ReflectionUtils.java:483)
	at org.springframework.util.ReflectionUtils.doWithLocalMethods(ReflectionUtils.java:320)
	at org.springframework.beans.factory.annotation.AutowiredAnnotationBeanPostProcessor.checkLookupMethods(AutowiredAnnotationBeanPostProcessor.java:460)
	... 21 common frames omitted
Caused by: java.lang.NoClassDefFoundError: OrderEvent
	at java.base/java.lang.Class.getDeclaredMethods0(Native Method)
	at java.base/java.lang.Class.privateGetDeclaredMethods(Class.java:3010)
	at java.base/java.lang.Class.getDeclaredMethods(Class.java:2329)
	at org.springframework.util.ReflectionUtils.getDeclaredMethods(ReflectionUtils.java:465)
	... 23 common frames omitted
Caused by: java.lang.ClassNotFoundException: OrderEvent
	at java.base/jdk.internal.loader.BuiltinClassLoader.loadClass(BuiltinClassLoader.java:580)
	at java.base/java.lang.ClassLoader.loadClass(ClassLoader.java:490)
	... 27 common frames omitted
2026-09-30 16:43:35 INFO  [main] traceId= spanId= c.e.c.CartOrderServiceApplication : Starting CartOrderServiceApplication using Java 25.0.2 with PID 53481 (/Users/canzova/IdeaProjects/MicroDevops/cart-order-service/target/classes started by canzova in /Users/canzova/IdeaProjects/MicroDevops)
2026-09-30 16:43:35 DEBUG [main] traceId= spanId= c.e.c.CartOrderServiceApplication : Running with Spring Boot v4.0.6, Spring v7.0.7
2026-09-30 16:43:35 INFO  [main] traceId= spanId= c.e.c.CartOrderServiceApplication : No active profile set, falling back to 1 default profile: "default"
2026-09-30 16:43:35 INFO  [main] traceId= spanId= o.s.c.c.c.ConfigServerConfigDataLoader : Fetching config from server at : http://localhost:8079
2026-09-30 16:43:35 INFO  [main] traceId= spanId= o.s.c.c.c.ConfigServerConfigDataLoader : Located environment: name=cart-order-service, profiles=[default], label=null, version=81c6b54ba943cc23f3785a62bdfb85381b2433f3, state=
2026-09-30 16:43:36 INFO  [main] traceId= spanId= o.s.d.r.c.RepositoryConfigurationDelegate : Bootstrapping Spring Data JPA repositories in DEFAULT mode.
2026-09-30 16:43:36 INFO  [main] traceId= spanId= o.s.d.r.c.RepositoryConfigurationDelegate : Finished Spring Data repository scanning in 102 ms. Found 4 JPA repository interfaces.
2026-09-30 16:43:36 INFO  [main] traceId= spanId= o.s.i.c.DefaultConfiguringBeanFactoryPostProcessor : No bean named 'errorChannel' has been explicitly defined. Therefore, a default PublishSubscribeChannel will be created.
2026-09-30 16:43:36 INFO  [main] traceId= spanId= o.s.i.c.DefaultConfiguringBeanFactoryPostProcessor : No bean named 'integrationHeaderChannelRegistry' has been explicitly defined. Therefore, a default DefaultHeaderChannelRegistry will be created.
2026-09-30 16:43:36 INFO  [main] traceId= spanId= o.s.cloud.context.scope.GenericScope : BeanFactory id=619e1bdb-19cf-3e8c-b179-f20fa033e72d
2026-09-30 16:43:37 INFO  [main] traceId= spanId= o.s.boot.tomcat.TomcatWebServer : Tomcat initialized with port 8081 (http)
2026-09-30 16:43:37 INFO  [main] traceId= spanId= o.a.catalina.core.StandardService : Starting service [Tomcat]
2026-09-30 16:43:37 INFO  [main] traceId= spanId= o.a.catalina.core.StandardEngine : Starting Servlet engine: [Apache Tomcat/11.0.21]
2026-09-30 16:43:37 INFO  [main] traceId= spanId= o.s.b.w.c.s.WebApplicationContextInitializer : Root WebApplicationContext: initialization completed in 1348 ms
2026-09-30 16:43:37 INFO  [main] traceId= spanId= org.hibernate.orm.jpa : HHH008540: Processing PersistenceUnitInfo [name: default]
2026-09-30 16:43:37 INFO  [main] traceId= spanId= org.hibernate.orm.core : HHH000001: Hibernate ORM core version 7.2.12.Final
2026-09-30 16:43:37 INFO  [main] traceId= spanId= o.s.o.j.p.SpringPersistenceUnitInfo : No LoadTimeWeaver setup: ignoring JPA class transformer
2026-09-30 16:43:37 INFO  [main] traceId= spanId= com.zaxxer.hikari.HikariDataSource : HikariPool-1 - Starting...
2026-09-30 16:43:37 INFO  [main] traceId= spanId= com.zaxxer.hikari.pool.HikariPool : HikariPool-1 - Added connection com.mysql.cj.jdbc.ConnectionImpl@2c9d7974
2026-09-30 16:43:37 INFO  [main] traceId= spanId= com.zaxxer.hikari.HikariDataSource : HikariPool-1 - Start completed.
2026-09-30 16:43:38 WARN  [main] traceId= spanId= org.hibernate.orm.deprecation : HHH90000025: MySQLDialect does not need to be specified explicitly using 'hibernate.dialect' (remove the property setting and it will be selected by default)
2026-09-30 16:43:38 INFO  [main] traceId= spanId= o.hibernate.orm.connections.pooling : HHH10001005: Database info:
	Database JDBC URL [jdbc:mysql://localhost:3306/order_db]
	Database driver: MySQL Connector/J
	Database dialect: MySQLDialect
	Database version: 8.4.9
	Default catalog/schema: order_db/undefined
	Autocommit mode: undefined/unknown
	Isolation level: REPEATABLE_READ [default REPEATABLE_READ]
	JDBC fetch size: none
	Pool: DataSourceConnectionProvider
	Minimum pool size: undefined/unknown
	Maximum pool size: undefined/unknown
2026-09-30 16:43:38 INFO  [main] traceId= spanId= org.hibernate.orm.core : HHH000489: No JTA platform available (set 'hibernate.transaction.jta.platform' to enable JTA platform integration)
2026-09-30 16:43:38 INFO  [main] traceId= spanId= o.s.o.j.LocalContainerEntityManagerFactoryBean : Initialized JPA EntityManagerFactory for persistence unit 'default'
2026-09-30 16:43:38 INFO  [main] traceId= spanId= o.s.d.j.r.q.QueryEnhancerFactories : Hibernate is in classpath; If applicable, HQL parser will be used.
2026-09-30 16:43:38 WARN  [main] traceId= spanId= o.s.b.j.a.JpaBaseConfiguration$JpaWebConfiguration : spring.jpa.open-in-view is enabled by default. Therefore, database queries may be performed during view rendering. Explicitly configure spring.jpa.open-in-view to disable this warning
2026-09-30 16:43:39 INFO  [main] traceId= spanId= o.s.c.o.FeignClientFactoryBean : For 'USER-SERVICE' URL not provided. Will try picking an instance via load-balancing.
2026-09-30 16:43:39 INFO  [main] traceId= spanId= o.s.c.o.FeignClientFactoryBean : For 'PRODUCT-CATEGORY-SERVICE' URL not provided. Will try picking an instance via load-balancing.
2026-09-30 16:43:39 WARN  [main] traceId= spanId= o.s.b.w.s.s.c.AnnotationConfigServletWebServerApplicationContext : Exception encountered during context initialization - cancelling refresh attempt: org.springframework.beans.factory.BeanCreationException: Error creating bean with name 'orderServiceImplementation': Lookup method resolution failed
2026-09-30 16:43:39 WARN  [main] traceId= spanId= o.s.c.a.AnnotationConfigApplicationContext : Exception thrown from ApplicationListener handling ContextClosedEvent
org.springframework.beans.factory.BeanCreationNotAllowedException: Error creating bean with name 'rabbitConnectionFactory': Singleton bean creation not allowed while singletons of this factory are in destruction (Do not request a bean from a BeanFactory in a destroy method implementation!)
	at org.springframework.beans.factory.support.DefaultSingletonBeanRegistry.getSingleton(DefaultSingletonBeanRegistry.java:301)
	at org.springframework.beans.factory.support.AbstractBeanFactory.doGetBean(AbstractBeanFactory.java:331)
	at org.springframework.beans.factory.support.AbstractBeanFactory.getBean(AbstractBeanFactory.java:201)
	at org.springframework.context.event.AbstractApplicationEventMulticaster.retrieveApplicationListeners(AbstractApplicationEventMulticaster.java:266)
	at org.springframework.context.event.AbstractApplicationEventMulticaster.getApplicationListeners(AbstractApplicationEventMulticaster.java:222)
	at org.springframework.context.event.SimpleApplicationEventMulticaster.multicastEvent(SimpleApplicationEventMulticaster.java:140)
	at org.springframework.context.support.AbstractApplicationContext.publishEvent(AbstractApplicationContext.java:448)
	at org.springframework.context.support.AbstractApplicationContext.publishEvent(AbstractApplicationContext.java:454)
	at org.springframework.context.support.AbstractApplicationContext.publishEvent(AbstractApplicationContext.java:381)
	at org.springframework.context.support.AbstractApplicationContext.doClose(AbstractApplicationContext.java:1190)
	at org.springframework.context.support.AbstractApplicationContext.close(AbstractApplicationContext.java:1153)
	at org.springframework.cloud.context.named.NamedContextFactory.destroy(NamedContextFactory.java:116)
	at org.springframework.beans.factory.support.DisposableBeanAdapter.destroy(DisposableBeanAdapter.java:209)
	at org.springframework.beans.factory.support.DefaultSingletonBeanRegistry.destroyBean(DefaultSingletonBeanRegistry.java:795)
	at org.springframework.beans.factory.support.DefaultSingletonBeanRegistry.destroySingleton(DefaultSingletonBeanRegistry.java:745)
	at org.springframework.beans.factory.support.DefaultListableBeanFactory.destroySingleton(DefaultListableBeanFactory.java:1500)
	at org.springframework.beans.factory.support.DefaultSingletonBeanRegistry.destroySingletons(DefaultSingletonBeanRegistry.java:704)
	at org.springframework.beans.factory.support.DefaultListableBeanFactory.destroySingletons(DefaultListableBeanFactory.java:1493)
	at org.springframework.context.support.AbstractApplicationContext.destroyBeans(AbstractApplicationContext.java:1246)
	at org.springframework.context.support.AbstractApplicationContext.refresh(AbstractApplicationContext.java:644)
	at org.springframework.boot.web.server.servlet.context.ServletWebServerApplicationContext.refresh(ServletWebServerApplicationContext.java:143)
	at org.springframework.boot.SpringApplication.refresh(SpringApplication.java:756)
	at org.springframework.boot.SpringApplication.refreshContext(SpringApplication.java:445)
	at org.springframework.boot.SpringApplication.run(SpringApplication.java:321)
	at org.springframework.boot.SpringApplication.run(SpringApplication.java:1365)
	at org.springframework.boot.SpringApplication.run(SpringApplication.java:1354)
	at com.easybuy.cart_order.CartOrderServiceApplication.main(CartOrderServiceApplication.java:14)
2026-09-30 16:43:39 WARN  [main] traceId= spanId= o.s.c.a.AnnotationConfigApplicationContext : Exception thrown from ApplicationListener handling ContextClosedEvent
org.springframework.beans.factory.BeanCreationNotAllowedException: Error creating bean with name 'rabbitConnectionFactory': Singleton bean creation not allowed while singletons of this factory are in destruction (Do not request a bean from a BeanFactory in a destroy method implementation!)
	at org.springframework.beans.factory.support.DefaultSingletonBeanRegistry.getSingleton(DefaultSingletonBeanRegistry.java:301)
	at org.springframework.beans.factory.support.AbstractBeanFactory.doGetBean(AbstractBeanFactory.java:331)
	at org.springframework.beans.factory.support.AbstractBeanFactory.getBean(AbstractBeanFactory.java:201)
	at org.springframework.context.event.AbstractApplicationEventMulticaster.retrieveApplicationListeners(AbstractApplicationEventMulticaster.java:266)
	at org.springframework.context.event.AbstractApplicationEventMulticaster.getApplicationListeners(AbstractApplicationEventMulticaster.java:222)
	at org.springframework.context.event.SimpleApplicationEventMulticaster.multicastEvent(SimpleApplicationEventMulticaster.java:140)
	at org.springframework.context.support.AbstractApplicationContext.publishEvent(AbstractApplicationContext.java:448)
	at org.springframework.context.support.AbstractApplicationContext.publishEvent(AbstractApplicationContext.java:454)
	at org.springframework.context.support.AbstractApplicationContext.publishEvent(AbstractApplicationContext.java:381)
	at org.springframework.context.support.AbstractApplicationContext.doClose(AbstractApplicationContext.java:1190)
	at org.springframework.context.support.AbstractApplicationContext.close(AbstractApplicationContext.java:1153)
	at org.springframework.cloud.context.named.NamedContextFactory.destroy(NamedContextFactory.java:116)
	at org.springframework.beans.factory.support.DisposableBeanAdapter.destroy(DisposableBeanAdapter.java:209)
	at org.springframework.beans.factory.support.DefaultSingletonBeanRegistry.destroyBean(DefaultSingletonBeanRegistry.java:795)
	at org.springframework.beans.factory.support.DefaultSingletonBeanRegistry.destroySingleton(DefaultSingletonBeanRegistry.java:745)
	at org.springframework.beans.factory.support.DefaultListableBeanFactory.destroySingleton(DefaultListableBeanFactory.java:1500)
	at org.springframework.beans.factory.support.DefaultSingletonBeanRegistry.destroySingletons(DefaultSingletonBeanRegistry.java:704)
	at org.springframework.beans.factory.support.DefaultListableBeanFactory.destroySingletons(DefaultListableBeanFactory.java:1493)
	at org.springframework.context.support.AbstractApplicationContext.destroyBeans(AbstractApplicationContext.java:1246)
	at org.springframework.context.support.AbstractApplicationContext.refresh(AbstractApplicationContext.java:644)
	at org.springframework.boot.web.server.servlet.context.ServletWebServerApplicationContext.refresh(ServletWebServerApplicationContext.java:143)
	at org.springframework.boot.SpringApplication.refresh(SpringApplication.java:756)
	at org.springframework.boot.SpringApplication.refreshContext(SpringApplication.java:445)
	at org.springframework.boot.SpringApplication.run(SpringApplication.java:321)
	at org.springframework.boot.SpringApplication.run(SpringApplication.java:1365)
	at org.springframework.boot.SpringApplication.run(SpringApplication.java:1354)
	at com.easybuy.cart_order.CartOrderServiceApplication.main(CartOrderServiceApplication.java:14)
2026-09-30 16:43:39 INFO  [main] traceId= spanId= o.s.o.j.LocalContainerEntityManagerFactoryBean : Closing JPA EntityManagerFactory for persistence unit 'default'
2026-09-30 16:43:39 INFO  [main] traceId= spanId= com.zaxxer.hikari.HikariDataSource : HikariPool-1 - Shutdown initiated...
2026-09-30 16:43:39 INFO  [main] traceId= spanId= com.zaxxer.hikari.HikariDataSource : HikariPool-1 - Shutdown completed.
2026-09-30 16:43:39 INFO  [main] traceId= spanId= o.a.catalina.core.StandardService : Stopping service [Tomcat]
2026-09-30 16:43:39 INFO  [main] traceId= spanId= o.s.b.a.l.ConditionEvaluationReportLogger : 

Error starting ApplicationContext. To display the condition evaluation report re-run your application with 'debug' enabled.
2026-09-30 16:43:39 ERROR [main] traceId= spanId= o.s.boot.SpringApplication : Application run failed
org.springframework.beans.factory.BeanCreationException: Error creating bean with name 'orderServiceImplementation': Lookup method resolution failed
	at org.springframework.beans.factory.annotation.AutowiredAnnotationBeanPostProcessor.checkLookupMethods(AutowiredAnnotationBeanPostProcessor.java:482)
	at org.springframework.beans.factory.annotation.AutowiredAnnotationBeanPostProcessor.determineCandidateConstructors(AutowiredAnnotationBeanPostProcessor.java:352)
	at org.springframework.beans.factory.support.AbstractAutowireCapableBeanFactory.determineConstructorsFromBeanPostProcessors(AbstractAutowireCapableBeanFactory.java:1321)
	at org.springframework.beans.factory.support.AbstractAutowireCapableBeanFactory.createBeanInstance(AbstractAutowireCapableBeanFactory.java:1218)
	at org.springframework.beans.factory.support.AbstractAutowireCapableBeanFactory.doCreateBean(AbstractAutowireCapableBeanFactory.java:565)
	at org.springframework.beans.factory.support.AbstractAutowireCapableBeanFactory.createBean(AbstractAutowireCapableBeanFactory.java:525)
	at org.springframework.beans.factory.support.AbstractBeanFactory.lambda$doGetBean$0(AbstractBeanFactory.java:333)
	at org.springframework.beans.factory.support.DefaultSingletonBeanRegistry.getSingleton(DefaultSingletonBeanRegistry.java:371)
	at org.springframework.beans.factory.support.AbstractBeanFactory.doGetBean(AbstractBeanFactory.java:331)
	at org.springframework.beans.factory.support.AbstractBeanFactory.getBean(AbstractBeanFactory.java:196)
	at org.springframework.beans.factory.support.DefaultListableBeanFactory.instantiateSingleton(DefaultListableBeanFactory.java:1218)
	at org.springframework.beans.factory.support.DefaultListableBeanFactory.preInstantiateSingleton(DefaultListableBeanFactory.java:1184)
	at org.springframework.beans.factory.support.DefaultListableBeanFactory.preInstantiateSingletons(DefaultListableBeanFactory.java:1121)
	at org.springframework.context.support.AbstractApplicationContext.finishBeanFactoryInitialization(AbstractApplicationContext.java:994)
	at org.springframework.context.support.AbstractApplicationContext.refresh(AbstractApplicationContext.java:621)
	at org.springframework.boot.web.server.servlet.context.ServletWebServerApplicationContext.refresh(ServletWebServerApplicationContext.java:143)
	at org.springframework.boot.SpringApplication.refresh(SpringApplication.java:756)
	at org.springframework.boot.SpringApplication.refreshContext(SpringApplication.java:445)
	at org.springframework.boot.SpringApplication.run(SpringApplication.java:321)
	at org.springframework.boot.SpringApplication.run(SpringApplication.java:1365)
	at org.springframework.boot.SpringApplication.run(SpringApplication.java:1354)
	at com.easybuy.cart_order.CartOrderServiceApplication.main(CartOrderServiceApplication.java:14)
Caused by: java.lang.IllegalStateException: Failed to introspect Class [com.easybuy.cart_order.Service.implementations.OrderServiceImplementation] from ClassLoader [jdk.internal.loader.ClassLoaders$AppClassLoader@14dad5dc]
	at org.springframework.util.ReflectionUtils.getDeclaredMethods(ReflectionUtils.java:483)
	at org.springframework.util.ReflectionUtils.doWithLocalMethods(ReflectionUtils.java:320)
	at org.springframework.beans.factory.annotation.AutowiredAnnotationBeanPostProcessor.checkLookupMethods(AutowiredAnnotationBeanPostProcessor.java:460)
	... 21 common frames omitted
Caused by: java.lang.NoClassDefFoundError: OrderEvent
	at java.base/java.lang.Class.getDeclaredMethods0(Native Method)
	at java.base/java.lang.Class.privateGetDeclaredMethods(Class.java:3010)
	at java.base/java.lang.Class.getDeclaredMethods(Class.java:2329)
	at org.springframework.util.ReflectionUtils.getDeclaredMethods(ReflectionUtils.java:465)
	... 23 common frames omitted
Caused by: java.lang.ClassNotFoundException: OrderEvent
	at java.base/jdk.internal.loader.BuiltinClassLoader.loadClass(BuiltinClassLoader.java:580)
	at java.base/java.lang.ClassLoader.loadClass(ClassLoader.java:490)
	... 27 common frames omitted
2026-09-30 16:45:37 INFO  [main] traceId= spanId= c.e.c.CartOrderServiceApplication : Starting CartOrderServiceApplication using Java 25.0.2 with PID 53779 (/Users/canzova/IdeaProjects/MicroDevops/cart-order-service/target/classes started by canzova in /Users/canzova/IdeaProjects/MicroDevops)
2026-09-30 16:45:37 DEBUG [main] traceId= spanId= c.e.c.CartOrderServiceApplication : Running with Spring Boot v4.0.6, Spring v7.0.7
2026-09-30 16:45:37 INFO  [main] traceId= spanId= c.e.c.CartOrderServiceApplication : No active profile set, falling back to 1 default profile: "default"
2026-09-30 16:45:37 INFO  [main] traceId= spanId= o.s.c.c.c.ConfigServerConfigDataLoader : Fetching config from server at : http://localhost:8079
2026-09-30 16:45:37 INFO  [main] traceId= spanId= o.s.c.c.c.ConfigServerConfigDataLoader : Located environment: name=cart-order-service, profiles=[default], label=null, version=81c6b54ba943cc23f3785a62bdfb85381b2433f3, state=
2026-09-30 16:45:38 INFO  [main] traceId= spanId= o.s.d.r.c.RepositoryConfigurationDelegate : Bootstrapping Spring Data JPA repositories in DEFAULT mode.
2026-09-30 16:45:38 INFO  [main] traceId= spanId= o.s.d.r.c.RepositoryConfigurationDelegate : Finished Spring Data repository scanning in 91 ms. Found 4 JPA repository interfaces.
2026-09-30 16:45:38 INFO  [main] traceId= spanId= o.s.i.c.DefaultConfiguringBeanFactoryPostProcessor : No bean named 'errorChannel' has been explicitly defined. Therefore, a default PublishSubscribeChannel will be created.
2026-09-30 16:45:38 INFO  [main] traceId= spanId= o.s.i.c.DefaultConfiguringBeanFactoryPostProcessor : No bean named 'integrationHeaderChannelRegistry' has been explicitly defined. Therefore, a default DefaultHeaderChannelRegistry will be created.
2026-09-30 16:45:38 INFO  [main] traceId= spanId= o.s.cloud.context.scope.GenericScope : BeanFactory id=619e1bdb-19cf-3e8c-b179-f20fa033e72d
2026-09-30 16:45:39 INFO  [main] traceId= spanId= o.s.boot.tomcat.TomcatWebServer : Tomcat initialized with port 8081 (http)
2026-09-30 16:45:39 INFO  [main] traceId= spanId= o.a.catalina.core.StandardService : Starting service [Tomcat]
2026-09-30 16:45:39 INFO  [main] traceId= spanId= o.a.catalina.core.StandardEngine : Starting Servlet engine: [Apache Tomcat/11.0.21]
2026-09-30 16:45:39 INFO  [main] traceId= spanId= o.s.b.w.c.s.WebApplicationContextInitializer : Root WebApplicationContext: initialization completed in 1349 ms
2026-09-30 16:45:39 INFO  [main] traceId= spanId= org.hibernate.orm.jpa : HHH008540: Processing PersistenceUnitInfo [name: default]
2026-09-30 16:45:39 INFO  [main] traceId= spanId= org.hibernate.orm.core : HHH000001: Hibernate ORM core version 7.2.12.Final
2026-09-30 16:45:39 INFO  [main] traceId= spanId= o.s.o.j.p.SpringPersistenceUnitInfo : No LoadTimeWeaver setup: ignoring JPA class transformer
2026-09-30 16:45:39 INFO  [main] traceId= spanId= com.zaxxer.hikari.HikariDataSource : HikariPool-1 - Starting...
2026-09-30 16:45:40 INFO  [main] traceId= spanId= com.zaxxer.hikari.pool.HikariPool : HikariPool-1 - Added connection com.mysql.cj.jdbc.ConnectionImpl@2c9d7974
2026-09-30 16:45:40 INFO  [main] traceId= spanId= com.zaxxer.hikari.HikariDataSource : HikariPool-1 - Start completed.
2026-09-30 16:45:40 WARN  [main] traceId= spanId= org.hibernate.orm.deprecation : HHH90000025: MySQLDialect does not need to be specified explicitly using 'hibernate.dialect' (remove the property setting and it will be selected by default)
2026-09-30 16:45:40 INFO  [main] traceId= spanId= o.hibernate.orm.connections.pooling : HHH10001005: Database info:
	Database JDBC URL [jdbc:mysql://localhost:3306/order_db]
	Database driver: MySQL Connector/J
	Database dialect: MySQLDialect
	Database version: 8.4.9
	Default catalog/schema: order_db/undefined
	Autocommit mode: undefined/unknown
	Isolation level: REPEATABLE_READ [default REPEATABLE_READ]
	JDBC fetch size: none
	Pool: DataSourceConnectionProvider
	Minimum pool size: undefined/unknown
	Maximum pool size: undefined/unknown
2026-09-30 16:45:40 INFO  [main] traceId= spanId= org.hibernate.orm.core : HHH000489: No JTA platform available (set 'hibernate.transaction.jta.platform' to enable JTA platform integration)
2026-09-30 16:45:40 INFO  [main] traceId= spanId= o.s.o.j.LocalContainerEntityManagerFactoryBean : Initialized JPA EntityManagerFactory for persistence unit 'default'
2026-09-30 16:45:40 INFO  [main] traceId= spanId= o.s.d.j.r.q.QueryEnhancerFactories : Hibernate is in classpath; If applicable, HQL parser will be used.
2026-09-30 16:45:40 WARN  [main] traceId= spanId= o.s.b.j.a.JpaBaseConfiguration$JpaWebConfiguration : spring.jpa.open-in-view is enabled by default. Therefore, database queries may be performed during view rendering. Explicitly configure spring.jpa.open-in-view to disable this warning
2026-09-30 16:45:41 INFO  [main] traceId= spanId= o.s.c.o.FeignClientFactoryBean : For 'USER-SERVICE' URL not provided. Will try picking an instance via load-balancing.
2026-09-30 16:45:41 INFO  [main] traceId= spanId= o.s.c.o.FeignClientFactoryBean : For 'PRODUCT-CATEGORY-SERVICE' URL not provided. Will try picking an instance via load-balancing.
2026-09-30 16:45:41 WARN  [main] traceId= spanId= o.s.b.w.s.s.c.AnnotationConfigServletWebServerApplicationContext : Exception encountered during context initialization - cancelling refresh attempt: org.springframework.beans.factory.BeanCreationException: Error creating bean with name 'orderServiceImplementation': Lookup method resolution failed
2026-09-30 16:45:41 WARN  [main] traceId= spanId= o.s.c.a.AnnotationConfigApplicationContext : Exception thrown from ApplicationListener handling ContextClosedEvent
org.springframework.beans.factory.BeanCreationNotAllowedException: Error creating bean with name 'rabbitConnectionFactory': Singleton bean creation not allowed while singletons of this factory are in destruction (Do not request a bean from a BeanFactory in a destroy method implementation!)
	at org.springframework.beans.factory.support.DefaultSingletonBeanRegistry.getSingleton(DefaultSingletonBeanRegistry.java:301)
	at org.springframework.beans.factory.support.AbstractBeanFactory.doGetBean(AbstractBeanFactory.java:331)
	at org.springframework.beans.factory.support.AbstractBeanFactory.getBean(AbstractBeanFactory.java:201)
	at org.springframework.context.event.AbstractApplicationEventMulticaster.retrieveApplicationListeners(AbstractApplicationEventMulticaster.java:266)
	at org.springframework.context.event.AbstractApplicationEventMulticaster.getApplicationListeners(AbstractApplicationEventMulticaster.java:222)
	at org.springframework.context.event.SimpleApplicationEventMulticaster.multicastEvent(SimpleApplicationEventMulticaster.java:140)
	at org.springframework.context.support.AbstractApplicationContext.publishEvent(AbstractApplicationContext.java:448)
	at org.springframework.context.support.AbstractApplicationContext.publishEvent(AbstractApplicationContext.java:454)
	at org.springframework.context.support.AbstractApplicationContext.publishEvent(AbstractApplicationContext.java:381)
	at org.springframework.context.support.AbstractApplicationContext.doClose(AbstractApplicationContext.java:1190)
	at org.springframework.context.support.AbstractApplicationContext.close(AbstractApplicationContext.java:1153)
	at org.springframework.cloud.context.named.NamedContextFactory.destroy(NamedContextFactory.java:116)
	at org.springframework.beans.factory.support.DisposableBeanAdapter.destroy(DisposableBeanAdapter.java:209)
	at org.springframework.beans.factory.support.DefaultSingletonBeanRegistry.destroyBean(DefaultSingletonBeanRegistry.java:795)
	at org.springframework.beans.factory.support.DefaultSingletonBeanRegistry.destroySingleton(DefaultSingletonBeanRegistry.java:745)
	at org.springframework.beans.factory.support.DefaultListableBeanFactory.destroySingleton(DefaultListableBeanFactory.java:1500)
	at org.springframework.beans.factory.support.DefaultSingletonBeanRegistry.destroySingletons(DefaultSingletonBeanRegistry.java:704)
	at org.springframework.beans.factory.support.DefaultListableBeanFactory.destroySingletons(DefaultListableBeanFactory.java:1493)
	at org.springframework.context.support.AbstractApplicationContext.destroyBeans(AbstractApplicationContext.java:1246)
	at org.springframework.context.support.AbstractApplicationContext.refresh(AbstractApplicationContext.java:644)
	at org.springframework.boot.web.server.servlet.context.ServletWebServerApplicationContext.refresh(ServletWebServerApplicationContext.java:143)
	at org.springframework.boot.SpringApplication.refresh(SpringApplication.java:756)
	at org.springframework.boot.SpringApplication.refreshContext(SpringApplication.java:445)
	at org.springframework.boot.SpringApplication.run(SpringApplication.java:321)
	at org.springframework.boot.SpringApplication.run(SpringApplication.java:1365)
	at org.springframework.boot.SpringApplication.run(SpringApplication.java:1354)
	at com.easybuy.cart_order.CartOrderServiceApplication.main(CartOrderServiceApplication.java:14)
2026-09-30 16:45:41 WARN  [main] traceId= spanId= o.s.c.a.AnnotationConfigApplicationContext : Exception thrown from ApplicationListener handling ContextClosedEvent
org.springframework.beans.factory.BeanCreationNotAllowedException: Error creating bean with name 'rabbitConnectionFactory': Singleton bean creation not allowed while singletons of this factory are in destruction (Do not request a bean from a BeanFactory in a destroy method implementation!)
	at org.springframework.beans.factory.support.DefaultSingletonBeanRegistry.getSingleton(DefaultSingletonBeanRegistry.java:301)
	at org.springframework.beans.factory.support.AbstractBeanFactory.doGetBean(AbstractBeanFactory.java:331)
	at org.springframework.beans.factory.support.AbstractBeanFactory.getBean(AbstractBeanFactory.java:201)
	at org.springframework.context.event.AbstractApplicationEventMulticaster.retrieveApplicationListeners(AbstractApplicationEventMulticaster.java:266)
	at org.springframework.context.event.AbstractApplicationEventMulticaster.getApplicationListeners(AbstractApplicationEventMulticaster.java:222)
	at org.springframework.context.event.SimpleApplicationEventMulticaster.multicastEvent(SimpleApplicationEventMulticaster.java:140)
	at org.springframework.context.support.AbstractApplicationContext.publishEvent(AbstractApplicationContext.java:448)
	at org.springframework.context.support.AbstractApplicationContext.publishEvent(AbstractApplicationContext.java:454)
	at org.springframework.context.support.AbstractApplicationContext.publishEvent(AbstractApplicationContext.java:381)
	at org.springframework.context.support.AbstractApplicationContext.doClose(AbstractApplicationContext.java:1190)
	at org.springframework.context.support.AbstractApplicationContext.close(AbstractApplicationContext.java:1153)
	at org.springframework.cloud.context.named.NamedContextFactory.destroy(NamedContextFactory.java:116)
	at org.springframework.beans.factory.support.DisposableBeanAdapter.destroy(DisposableBeanAdapter.java:209)
	at org.springframework.beans.factory.support.DefaultSingletonBeanRegistry.destroyBean(DefaultSingletonBeanRegistry.java:795)
	at org.springframework.beans.factory.support.DefaultSingletonBeanRegistry.destroySingleton(DefaultSingletonBeanRegistry.java:745)
	at org.springframework.beans.factory.support.DefaultListableBeanFactory.destroySingleton(DefaultListableBeanFactory.java:1500)
	at org.springframework.beans.factory.support.DefaultSingletonBeanRegistry.destroySingletons(DefaultSingletonBeanRegistry.java:704)
	at org.springframework.beans.factory.support.DefaultListableBeanFactory.destroySingletons(DefaultListableBeanFactory.java:1493)
	at org.springframework.context.support.AbstractApplicationContext.destroyBeans(AbstractApplicationContext.java:1246)
	at org.springframework.context.support.AbstractApplicationContext.refresh(AbstractApplicationContext.java:644)
	at org.springframework.boot.web.server.servlet.context.ServletWebServerApplicationContext.refresh(ServletWebServerApplicationContext.java:143)
	at org.springframework.boot.SpringApplication.refresh(SpringApplication.java:756)
	at org.springframework.boot.SpringApplication.refreshContext(SpringApplication.java:445)
	at org.springframework.boot.SpringApplication.run(SpringApplication.java:321)
	at org.springframework.boot.SpringApplication.run(SpringApplication.java:1365)
	at org.springframework.boot.SpringApplication.run(SpringApplication.java:1354)
	at com.easybuy.cart_order.CartOrderServiceApplication.main(CartOrderServiceApplication.java:14)
2026-09-30 16:45:41 INFO  [main] traceId= spanId= o.s.o.j.LocalContainerEntityManagerFactoryBean : Closing JPA EntityManagerFactory for persistence unit 'default'
2026-09-30 16:45:41 INFO  [main] traceId= spanId= com.zaxxer.hikari.HikariDataSource : HikariPool-1 - Shutdown initiated...
2026-09-30 16:45:41 INFO  [main] traceId= spanId= com.zaxxer.hikari.HikariDataSource : HikariPool-1 - Shutdown completed.
2026-09-30 16:45:41 INFO  [main] traceId= spanId= o.a.catalina.core.StandardService : Stopping service [Tomcat]
2026-09-30 16:45:41 INFO  [main] traceId= spanId= o.s.b.a.l.ConditionEvaluationReportLogger : 

Error starting ApplicationContext. To display the condition evaluation report re-run your application with 'debug' enabled.
2026-09-30 16:45:41 ERROR [main] traceId= spanId= o.s.boot.SpringApplication : Application run failed
org.springframework.beans.factory.BeanCreationException: Error creating bean with name 'orderServiceImplementation': Lookup method resolution failed
	at org.springframework.beans.factory.annotation.AutowiredAnnotationBeanPostProcessor.checkLookupMethods(AutowiredAnnotationBeanPostProcessor.java:482)
	at org.springframework.beans.factory.annotation.AutowiredAnnotationBeanPostProcessor.determineCandidateConstructors(AutowiredAnnotationBeanPostProcessor.java:352)
	at org.springframework.beans.factory.support.AbstractAutowireCapableBeanFactory.determineConstructorsFromBeanPostProcessors(AbstractAutowireCapableBeanFactory.java:1321)
	at org.springframework.beans.factory.support.AbstractAutowireCapableBeanFactory.createBeanInstance(AbstractAutowireCapableBeanFactory.java:1218)
	at org.springframework.beans.factory.support.AbstractAutowireCapableBeanFactory.doCreateBean(AbstractAutowireCapableBeanFactory.java:565)
	at org.springframework.beans.factory.support.AbstractAutowireCapableBeanFactory.createBean(AbstractAutowireCapableBeanFactory.java:525)
	at org.springframework.beans.factory.support.AbstractBeanFactory.lambda$doGetBean$0(AbstractBeanFactory.java:333)
	at org.springframework.beans.factory.support.DefaultSingletonBeanRegistry.getSingleton(DefaultSingletonBeanRegistry.java:371)
	at org.springframework.beans.factory.support.AbstractBeanFactory.doGetBean(AbstractBeanFactory.java:331)
	at org.springframework.beans.factory.support.AbstractBeanFactory.getBean(AbstractBeanFactory.java:196)
	at org.springframework.beans.factory.support.DefaultListableBeanFactory.instantiateSingleton(DefaultListableBeanFactory.java:1218)
	at org.springframework.beans.factory.support.DefaultListableBeanFactory.preInstantiateSingleton(DefaultListableBeanFactory.java:1184)
	at org.springframework.beans.factory.support.DefaultListableBeanFactory.preInstantiateSingletons(DefaultListableBeanFactory.java:1121)
	at org.springframework.context.support.AbstractApplicationContext.finishBeanFactoryInitialization(AbstractApplicationContext.java:994)
	at org.springframework.context.support.AbstractApplicationContext.refresh(AbstractApplicationContext.java:621)
	at org.springframework.boot.web.server.servlet.context.ServletWebServerApplicationContext.refresh(ServletWebServerApplicationContext.java:143)
	at org.springframework.boot.SpringApplication.refresh(SpringApplication.java:756)
	at org.springframework.boot.SpringApplication.refreshContext(SpringApplication.java:445)
	at org.springframework.boot.SpringApplication.run(SpringApplication.java:321)
	at org.springframework.boot.SpringApplication.run(SpringApplication.java:1365)
	at org.springframework.boot.SpringApplication.run(SpringApplication.java:1354)
	at com.easybuy.cart_order.CartOrderServiceApplication.main(CartOrderServiceApplication.java:14)
Caused by: java.lang.IllegalStateException: Failed to introspect Class [com.easybuy.cart_order.Service.implementations.OrderServiceImplementation] from ClassLoader [jdk.internal.loader.ClassLoaders$AppClassLoader@14dad5dc]
	at org.springframework.util.ReflectionUtils.getDeclaredMethods(ReflectionUtils.java:483)
	at org.springframework.util.ReflectionUtils.doWithLocalMethods(ReflectionUtils.java:320)
	at org.springframework.beans.factory.annotation.AutowiredAnnotationBeanPostProcessor.checkLookupMethods(AutowiredAnnotationBeanPostProcessor.java:460)
	... 21 common frames omitted
Caused by: java.lang.NoClassDefFoundError: OrderEvent
	at java.base/java.lang.Class.getDeclaredMethods0(Native Method)
	at java.base/java.lang.Class.privateGetDeclaredMethods(Class.java:3010)
	at java.base/java.lang.Class.getDeclaredMethods(Class.java:2329)
	at org.springframework.util.ReflectionUtils.getDeclaredMethods(ReflectionUtils.java:465)
	... 23 common frames omitted
Caused by: java.lang.ClassNotFoundException: OrderEvent
	at java.base/jdk.internal.loader.BuiltinClassLoader.loadClass(BuiltinClassLoader.java:580)
	at java.base/java.lang.ClassLoader.loadClass(ClassLoader.java:490)
	... 27 common frames omitted
2026-09-30 16:48:26 INFO  [main] traceId= spanId= c.e.c.CartOrderServiceApplication : Starting CartOrderServiceApplication using Java 25.0.2 with PID 54210 (/Users/canzova/IdeaProjects/MicroDevops/cart-order-service/target/classes started by canzova in /Users/canzova/IdeaProjects/MicroDevops)
2026-09-30 16:48:26 DEBUG [main] traceId= spanId= c.e.c.CartOrderServiceApplication : Running with Spring Boot v4.0.6, Spring v7.0.7
2026-09-30 16:48:26 INFO  [main] traceId= spanId= c.e.c.CartOrderServiceApplication : No active profile set, falling back to 1 default profile: "default"
2026-09-30 16:48:26 INFO  [main] traceId= spanId= o.s.c.c.c.ConfigServerConfigDataLoader : Fetching config from server at : http://localhost:8079
2026-09-30 16:48:26 INFO  [main] traceId= spanId= o.s.c.c.c.ConfigServerConfigDataLoader : Located environment: name=cart-order-service, profiles=[default], label=null, version=81c6b54ba943cc23f3785a62bdfb85381b2433f3, state=
2026-09-30 16:48:27 INFO  [main] traceId= spanId= o.s.d.r.c.RepositoryConfigurationDelegate : Bootstrapping Spring Data JPA repositories in DEFAULT mode.
2026-09-30 16:48:27 INFO  [main] traceId= spanId= o.s.d.r.c.RepositoryConfigurationDelegate : Finished Spring Data repository scanning in 94 ms. Found 4 JPA repository interfaces.
2026-09-30 16:48:27 INFO  [main] traceId= spanId= o.s.i.c.DefaultConfiguringBeanFactoryPostProcessor : No bean named 'errorChannel' has been explicitly defined. Therefore, a default PublishSubscribeChannel will be created.
2026-09-30 16:48:27 INFO  [main] traceId= spanId= o.s.i.c.DefaultConfiguringBeanFactoryPostProcessor : No bean named 'integrationHeaderChannelRegistry' has been explicitly defined. Therefore, a default DefaultHeaderChannelRegistry will be created.
2026-09-30 16:48:27 INFO  [main] traceId= spanId= o.s.cloud.context.scope.GenericScope : BeanFactory id=619e1bdb-19cf-3e8c-b179-f20fa033e72d
2026-09-30 16:48:27 INFO  [main] traceId= spanId= o.s.boot.tomcat.TomcatWebServer : Tomcat initialized with port 8081 (http)
2026-09-30 16:48:27 INFO  [main] traceId= spanId= o.a.catalina.core.StandardService : Starting service [Tomcat]
2026-09-30 16:48:27 INFO  [main] traceId= spanId= o.a.catalina.core.StandardEngine : Starting Servlet engine: [Apache Tomcat/11.0.21]
2026-09-30 16:48:27 INFO  [main] traceId= spanId= o.s.b.w.c.s.WebApplicationContextInitializer : Root WebApplicationContext: initialization completed in 1368 ms
2026-09-30 16:48:28 INFO  [main] traceId= spanId= org.hibernate.orm.jpa : HHH008540: Processing PersistenceUnitInfo [name: default]
2026-09-30 16:48:28 INFO  [main] traceId= spanId= org.hibernate.orm.core : HHH000001: Hibernate ORM core version 7.2.12.Final
2026-09-30 16:48:28 INFO  [main] traceId= spanId= o.s.o.j.p.SpringPersistenceUnitInfo : No LoadTimeWeaver setup: ignoring JPA class transformer
2026-09-30 16:48:28 INFO  [main] traceId= spanId= com.zaxxer.hikari.HikariDataSource : HikariPool-1 - Starting...
2026-09-30 16:48:28 INFO  [main] traceId= spanId= com.zaxxer.hikari.pool.HikariPool : HikariPool-1 - Added connection com.mysql.cj.jdbc.ConnectionImpl@43ec81be
2026-09-30 16:48:28 INFO  [main] traceId= spanId= com.zaxxer.hikari.HikariDataSource : HikariPool-1 - Start completed.
2026-09-30 16:48:28 WARN  [main] traceId= spanId= org.hibernate.orm.deprecation : HHH90000025: MySQLDialect does not need to be specified explicitly using 'hibernate.dialect' (remove the property setting and it will be selected by default)
2026-09-30 16:48:28 INFO  [main] traceId= spanId= o.hibernate.orm.connections.pooling : HHH10001005: Database info:
	Database JDBC URL [jdbc:mysql://localhost:3306/order_db]
	Database driver: MySQL Connector/J
	Database dialect: MySQLDialect
	Database version: 8.4.9
	Default catalog/schema: order_db/undefined
	Autocommit mode: undefined/unknown
	Isolation level: REPEATABLE_READ [default REPEATABLE_READ]
	JDBC fetch size: none
	Pool: DataSourceConnectionProvider
	Minimum pool size: undefined/unknown
	Maximum pool size: undefined/unknown
2026-09-30 16:48:29 INFO  [main] traceId= spanId= org.hibernate.orm.core : HHH000489: No JTA platform available (set 'hibernate.transaction.jta.platform' to enable JTA platform integration)
2026-09-30 16:48:29 INFO  [main] traceId= spanId= o.s.o.j.LocalContainerEntityManagerFactoryBean : Initialized JPA EntityManagerFactory for persistence unit 'default'
2026-09-30 16:48:29 INFO  [main] traceId= spanId= o.s.d.j.r.q.QueryEnhancerFactories : Hibernate is in classpath; If applicable, HQL parser will be used.
2026-09-30 16:48:29 WARN  [main] traceId= spanId= o.s.b.j.a.JpaBaseConfiguration$JpaWebConfiguration : spring.jpa.open-in-view is enabled by default. Therefore, database queries may be performed during view rendering. Explicitly configure spring.jpa.open-in-view to disable this warning
2026-09-30 16:48:29 INFO  [main] traceId= spanId= o.s.c.o.FeignClientFactoryBean : For 'USER-SERVICE' URL not provided. Will try picking an instance via load-balancing.
2026-09-30 16:48:30 INFO  [main] traceId= spanId= o.s.c.o.FeignClientFactoryBean : For 'PRODUCT-CATEGORY-SERVICE' URL not provided. Will try picking an instance via load-balancing.
2026-09-30 16:48:30 WARN  [main] traceId= spanId= o.s.b.w.s.s.c.AnnotationConfigServletWebServerApplicationContext : Exception encountered during context initialization - cancelling refresh attempt: org.springframework.beans.factory.BeanCreationException: Error creating bean with name 'orderServiceImplementation': Lookup method resolution failed
2026-09-30 16:48:30 WARN  [main] traceId= spanId= o.s.c.a.AnnotationConfigApplicationContext : Exception thrown from ApplicationListener handling ContextClosedEvent
org.springframework.beans.factory.BeanCreationNotAllowedException: Error creating bean with name 'rabbitConnectionFactory': Singleton bean creation not allowed while singletons of this factory are in destruction (Do not request a bean from a BeanFactory in a destroy method implementation!)
	at org.springframework.beans.factory.support.DefaultSingletonBeanRegistry.getSingleton(DefaultSingletonBeanRegistry.java:301)
	at org.springframework.beans.factory.support.AbstractBeanFactory.doGetBean(AbstractBeanFactory.java:331)
	at org.springframework.beans.factory.support.AbstractBeanFactory.getBean(AbstractBeanFactory.java:201)
	at org.springframework.context.event.AbstractApplicationEventMulticaster.retrieveApplicationListeners(AbstractApplicationEventMulticaster.java:266)
	at org.springframework.context.event.AbstractApplicationEventMulticaster.getApplicationListeners(AbstractApplicationEventMulticaster.java:222)
	at org.springframework.context.event.SimpleApplicationEventMulticaster.multicastEvent(SimpleApplicationEventMulticaster.java:140)
	at org.springframework.context.support.AbstractApplicationContext.publishEvent(AbstractApplicationContext.java:448)
	at org.springframework.context.support.AbstractApplicationContext.publishEvent(AbstractApplicationContext.java:454)
	at org.springframework.context.support.AbstractApplicationContext.publishEvent(AbstractApplicationContext.java:381)
	at org.springframework.context.support.AbstractApplicationContext.doClose(AbstractApplicationContext.java:1190)
	at org.springframework.context.support.AbstractApplicationContext.close(AbstractApplicationContext.java:1153)
	at org.springframework.cloud.context.named.NamedContextFactory.destroy(NamedContextFactory.java:116)
	at org.springframework.beans.factory.support.DisposableBeanAdapter.destroy(DisposableBeanAdapter.java:209)
	at org.springframework.beans.factory.support.DefaultSingletonBeanRegistry.destroyBean(DefaultSingletonBeanRegistry.java:795)
	at org.springframework.beans.factory.support.DefaultSingletonBeanRegistry.destroySingleton(DefaultSingletonBeanRegistry.java:745)
	at org.springframework.beans.factory.support.DefaultListableBeanFactory.destroySingleton(DefaultListableBeanFactory.java:1500)
	at org.springframework.beans.factory.support.DefaultSingletonBeanRegistry.destroySingletons(DefaultSingletonBeanRegistry.java:704)
	at org.springframework.beans.factory.support.DefaultListableBeanFactory.destroySingletons(DefaultListableBeanFactory.java:1493)
	at org.springframework.context.support.AbstractApplicationContext.destroyBeans(AbstractApplicationContext.java:1246)
	at org.springframework.context.support.AbstractApplicationContext.refresh(AbstractApplicationContext.java:644)
	at org.springframework.boot.web.server.servlet.context.ServletWebServerApplicationContext.refresh(ServletWebServerApplicationContext.java:143)
	at org.springframework.boot.SpringApplication.refresh(SpringApplication.java:756)
	at org.springframework.boot.SpringApplication.refreshContext(SpringApplication.java:445)
	at org.springframework.boot.SpringApplication.run(SpringApplication.java:321)
	at org.springframework.boot.SpringApplication.run(SpringApplication.java:1365)
	at org.springframework.boot.SpringApplication.run(SpringApplication.java:1354)
	at com.easybuy.cart_order.CartOrderServiceApplication.main(CartOrderServiceApplication.java:14)
2026-09-30 16:48:30 WARN  [main] traceId= spanId= o.s.c.a.AnnotationConfigApplicationContext : Exception thrown from ApplicationListener handling ContextClosedEvent
org.springframework.beans.factory.BeanCreationNotAllowedException: Error creating bean with name 'rabbitConnectionFactory': Singleton bean creation not allowed while singletons of this factory are in destruction (Do not request a bean from a BeanFactory in a destroy method implementation!)
	at org.springframework.beans.factory.support.DefaultSingletonBeanRegistry.getSingleton(DefaultSingletonBeanRegistry.java:301)
	at org.springframework.beans.factory.support.AbstractBeanFactory.doGetBean(AbstractBeanFactory.java:331)
	at org.springframework.beans.factory.support.AbstractBeanFactory.getBean(AbstractBeanFactory.java:201)
	at org.springframework.context.event.AbstractApplicationEventMulticaster.retrieveApplicationListeners(AbstractApplicationEventMulticaster.java:266)
	at org.springframework.context.event.AbstractApplicationEventMulticaster.getApplicationListeners(AbstractApplicationEventMulticaster.java:222)
	at org.springframework.context.event.SimpleApplicationEventMulticaster.multicastEvent(SimpleApplicationEventMulticaster.java:140)
	at org.springframework.context.support.AbstractApplicationContext.publishEvent(AbstractApplicationContext.java:448)
	at org.springframework.context.support.AbstractApplicationContext.publishEvent(AbstractApplicationContext.java:454)
	at org.springframework.context.support.AbstractApplicationContext.publishEvent(AbstractApplicationContext.java:381)
	at org.springframework.context.support.AbstractApplicationContext.doClose(AbstractApplicationContext.java:1190)
	at org.springframework.context.support.AbstractApplicationContext.close(AbstractApplicationContext.java:1153)
	at org.springframework.cloud.context.named.NamedContextFactory.destroy(NamedContextFactory.java:116)
	at org.springframework.beans.factory.support.DisposableBeanAdapter.destroy(DisposableBeanAdapter.java:209)
	at org.springframework.beans.factory.support.DefaultSingletonBeanRegistry.destroyBean(DefaultSingletonBeanRegistry.java:795)
	at org.springframework.beans.factory.support.DefaultSingletonBeanRegistry.destroySingleton(DefaultSingletonBeanRegistry.java:745)
	at org.springframework.beans.factory.support.DefaultListableBeanFactory.destroySingleton(DefaultListableBeanFactory.java:1500)
	at org.springframework.beans.factory.support.DefaultSingletonBeanRegistry.destroySingletons(DefaultSingletonBeanRegistry.java:704)
	at org.springframework.beans.factory.support.DefaultListableBeanFactory.destroySingletons(DefaultListableBeanFactory.java:1493)
	at org.springframework.context.support.AbstractApplicationContext.destroyBeans(AbstractApplicationContext.java:1246)
	at org.springframework.context.support.AbstractApplicationContext.refresh(AbstractApplicationContext.java:644)
	at org.springframework.boot.web.server.servlet.context.ServletWebServerApplicationContext.refresh(ServletWebServerApplicationContext.java:143)
	at org.springframework.boot.SpringApplication.refresh(SpringApplication.java:756)
	at org.springframework.boot.SpringApplication.refreshContext(SpringApplication.java:445)
	at org.springframework.boot.SpringApplication.run(SpringApplication.java:321)
	at org.springframework.boot.SpringApplication.run(SpringApplication.java:1365)
	at org.springframework.boot.SpringApplication.run(SpringApplication.java:1354)
	at com.easybuy.cart_order.CartOrderServiceApplication.main(CartOrderServiceApplication.java:14)
2026-09-30 16:48:30 INFO  [main] traceId= spanId= o.s.o.j.LocalContainerEntityManagerFactoryBean : Closing JPA EntityManagerFactory for persistence unit 'default'
2026-09-30 16:48:30 INFO  [main] traceId= spanId= com.zaxxer.hikari.HikariDataSource : HikariPool-1 - Shutdown initiated...
2026-09-30 16:48:30 INFO  [main] traceId= spanId= com.zaxxer.hikari.HikariDataSource : HikariPool-1 - Shutdown completed.
2026-09-30 16:48:30 INFO  [main] traceId= spanId= o.a.catalina.core.StandardService : Stopping service [Tomcat]
2026-09-30 16:48:30 INFO  [main] traceId= spanId= o.s.b.a.l.ConditionEvaluationReportLogger : 

Error starting ApplicationContext. To display the condition evaluation report re-run your application with 'debug' enabled.
2026-09-30 16:48:30 ERROR [main] traceId= spanId= o.s.boot.SpringApplication : Application run failed
org.springframework.beans.factory.BeanCreationException: Error creating bean with name 'orderServiceImplementation': Lookup method resolution failed
	at org.springframework.beans.factory.annotation.AutowiredAnnotationBeanPostProcessor.checkLookupMethods(AutowiredAnnotationBeanPostProcessor.java:482)
	at org.springframework.beans.factory.annotation.AutowiredAnnotationBeanPostProcessor.determineCandidateConstructors(AutowiredAnnotationBeanPostProcessor.java:352)
	at org.springframework.beans.factory.support.AbstractAutowireCapableBeanFactory.determineConstructorsFromBeanPostProcessors(AbstractAutowireCapableBeanFactory.java:1321)
	at org.springframework.beans.factory.support.AbstractAutowireCapableBeanFactory.createBeanInstance(AbstractAutowireCapableBeanFactory.java:1218)
	at org.springframework.beans.factory.support.AbstractAutowireCapableBeanFactory.doCreateBean(AbstractAutowireCapableBeanFactory.java:565)
	at org.springframework.beans.factory.support.AbstractAutowireCapableBeanFactory.createBean(AbstractAutowireCapableBeanFactory.java:525)
	at org.springframework.beans.factory.support.AbstractBeanFactory.lambda$doGetBean$0(AbstractBeanFactory.java:333)
	at org.springframework.beans.factory.support.DefaultSingletonBeanRegistry.getSingleton(DefaultSingletonBeanRegistry.java:371)
	at org.springframework.beans.factory.support.AbstractBeanFactory.doGetBean(AbstractBeanFactory.java:331)
	at org.springframework.beans.factory.support.AbstractBeanFactory.getBean(AbstractBeanFactory.java:196)
	at org.springframework.beans.factory.support.DefaultListableBeanFactory.instantiateSingleton(DefaultListableBeanFactory.java:1218)
	at org.springframework.beans.factory.support.DefaultListableBeanFactory.preInstantiateSingleton(DefaultListableBeanFactory.java:1184)
	at org.springframework.beans.factory.support.DefaultListableBeanFactory.preInstantiateSingletons(DefaultListableBeanFactory.java:1121)
	at org.springframework.context.support.AbstractApplicationContext.finishBeanFactoryInitialization(AbstractApplicationContext.java:994)
	at org.springframework.context.support.AbstractApplicationContext.refresh(AbstractApplicationContext.java:621)
	at org.springframework.boot.web.server.servlet.context.ServletWebServerApplicationContext.refresh(ServletWebServerApplicationContext.java:143)
	at org.springframework.boot.SpringApplication.refresh(SpringApplication.java:756)
	at org.springframework.boot.SpringApplication.refreshContext(SpringApplication.java:445)
	at org.springframework.boot.SpringApplication.run(SpringApplication.java:321)
	at org.springframework.boot.SpringApplication.run(SpringApplication.java:1365)
	at org.springframework.boot.SpringApplication.run(SpringApplication.java:1354)
	at com.easybuy.cart_order.CartOrderServiceApplication.main(CartOrderServiceApplication.java:14)
Caused by: java.lang.IllegalStateException: Failed to introspect Class [com.easybuy.cart_order.Service.implementations.OrderServiceImplementation] from ClassLoader [jdk.internal.loader.ClassLoaders$AppClassLoader@14dad5dc]
	at org.springframework.util.ReflectionUtils.getDeclaredMethods(ReflectionUtils.java:483)
	at org.springframework.util.ReflectionUtils.doWithLocalMethods(ReflectionUtils.java:320)
	at org.springframework.beans.factory.annotation.AutowiredAnnotationBeanPostProcessor.checkLookupMethods(AutowiredAnnotationBeanPostProcessor.java:460)
	... 21 common frames omitted
Caused by: java.lang.NoClassDefFoundError: OrderEvent
	at java.base/java.lang.Class.getDeclaredMethods0(Native Method)
	at java.base/java.lang.Class.privateGetDeclaredMethods(Class.java:3010)
	at java.base/java.lang.Class.getDeclaredMethods(Class.java:2329)
	at org.springframework.util.ReflectionUtils.getDeclaredMethods(ReflectionUtils.java:465)
	... 23 common frames omitted
Caused by: java.lang.ClassNotFoundException: OrderEvent
	at java.base/jdk.internal.loader.BuiltinClassLoader.loadClass(BuiltinClassLoader.java:580)
	at java.base/java.lang.ClassLoader.loadClass(ClassLoader.java:490)
	... 27 common frames omitted
2026-09-30 16:50:35 INFO  [main] traceId= spanId= c.e.c.CartOrderServiceApplication : Starting CartOrderServiceApplication using Java 25.0.2 with PID 54549 (/Users/canzova/IdeaProjects/MicroDevops/cart-order-service/target/classes started by canzova in /Users/canzova/IdeaProjects/MicroDevops)
2026-09-30 16:50:35 DEBUG [main] traceId= spanId= c.e.c.CartOrderServiceApplication : Running with Spring Boot v4.0.6, Spring v7.0.7
2026-09-30 16:50:35 INFO  [main] traceId= spanId= c.e.c.CartOrderServiceApplication : No active profile set, falling back to 1 default profile: "default"
2026-09-30 16:50:35 INFO  [main] traceId= spanId= o.s.c.c.c.ConfigServerConfigDataLoader : Fetching config from server at : http://localhost:8079
2026-09-30 16:50:35 INFO  [main] traceId= spanId= o.s.c.c.c.ConfigServerConfigDataLoader : Located environment: name=cart-order-service, profiles=[default], label=null, version=81c6b54ba943cc23f3785a62bdfb85381b2433f3, state=
2026-09-30 16:50:36 INFO  [main] traceId= spanId= o.s.d.r.c.RepositoryConfigurationDelegate : Bootstrapping Spring Data JPA repositories in DEFAULT mode.
2026-09-30 16:50:36 INFO  [main] traceId= spanId= o.s.d.r.c.RepositoryConfigurationDelegate : Finished Spring Data repository scanning in 90 ms. Found 4 JPA repository interfaces.
2026-09-30 16:50:36 INFO  [main] traceId= spanId= o.s.i.c.DefaultConfiguringBeanFactoryPostProcessor : No bean named 'errorChannel' has been explicitly defined. Therefore, a default PublishSubscribeChannel will be created.
2026-09-30 16:50:36 INFO  [main] traceId= spanId= o.s.i.c.DefaultConfiguringBeanFactoryPostProcessor : No bean named 'integrationHeaderChannelRegistry' has been explicitly defined. Therefore, a default DefaultHeaderChannelRegistry will be created.
2026-09-30 16:50:36 INFO  [main] traceId= spanId= o.s.cloud.context.scope.GenericScope : BeanFactory id=619e1bdb-19cf-3e8c-b179-f20fa033e72d
2026-09-30 16:50:37 INFO  [main] traceId= spanId= o.s.boot.tomcat.TomcatWebServer : Tomcat initialized with port 8081 (http)
2026-09-30 16:50:37 INFO  [main] traceId= spanId= o.a.catalina.core.StandardService : Starting service [Tomcat]
2026-09-30 16:50:37 INFO  [main] traceId= spanId= o.a.catalina.core.StandardEngine : Starting Servlet engine: [Apache Tomcat/11.0.21]
2026-09-30 16:50:37 INFO  [main] traceId= spanId= o.s.b.w.c.s.WebApplicationContextInitializer : Root WebApplicationContext: initialization completed in 1304 ms
2026-09-30 16:50:37 INFO  [main] traceId= spanId= org.hibernate.orm.jpa : HHH008540: Processing PersistenceUnitInfo [name: default]
2026-09-30 16:50:37 INFO  [main] traceId= spanId= org.hibernate.orm.core : HHH000001: Hibernate ORM core version 7.2.12.Final
2026-09-30 16:50:37 INFO  [main] traceId= spanId= o.s.o.j.p.SpringPersistenceUnitInfo : No LoadTimeWeaver setup: ignoring JPA class transformer
2026-09-30 16:50:37 INFO  [main] traceId= spanId= com.zaxxer.hikari.HikariDataSource : HikariPool-1 - Starting...
2026-09-30 16:50:37 INFO  [main] traceId= spanId= com.zaxxer.hikari.pool.HikariPool : HikariPool-1 - Added connection com.mysql.cj.jdbc.ConnectionImpl@2c9d7974
2026-09-30 16:50:37 INFO  [main] traceId= spanId= com.zaxxer.hikari.HikariDataSource : HikariPool-1 - Start completed.
2026-09-30 16:50:37 WARN  [main] traceId= spanId= org.hibernate.orm.deprecation : HHH90000025: MySQLDialect does not need to be specified explicitly using 'hibernate.dialect' (remove the property setting and it will be selected by default)
2026-09-30 16:50:37 INFO  [main] traceId= spanId= o.hibernate.orm.connections.pooling : HHH10001005: Database info:
	Database JDBC URL [jdbc:mysql://localhost:3306/order_db]
	Database driver: MySQL Connector/J
	Database dialect: MySQLDialect
	Database version: 8.4.9
	Default catalog/schema: order_db/undefined
	Autocommit mode: undefined/unknown
	Isolation level: REPEATABLE_READ [default REPEATABLE_READ]
	JDBC fetch size: none
	Pool: DataSourceConnectionProvider
	Minimum pool size: undefined/unknown
	Maximum pool size: undefined/unknown
2026-09-30 16:50:38 INFO  [main] traceId= spanId= org.hibernate.orm.core : HHH000489: No JTA platform available (set 'hibernate.transaction.jta.platform' to enable JTA platform integration)
2026-09-30 16:50:38 INFO  [main] traceId= spanId= o.s.o.j.LocalContainerEntityManagerFactoryBean : Initialized JPA EntityManagerFactory for persistence unit 'default'
2026-09-30 16:50:38 INFO  [main] traceId= spanId= o.s.d.j.r.q.QueryEnhancerFactories : Hibernate is in classpath; If applicable, HQL parser will be used.
2026-09-30 16:50:38 WARN  [main] traceId= spanId= o.s.b.j.a.JpaBaseConfiguration$JpaWebConfiguration : spring.jpa.open-in-view is enabled by default. Therefore, database queries may be performed during view rendering. Explicitly configure spring.jpa.open-in-view to disable this warning
2026-09-30 16:50:38 INFO  [main] traceId= spanId= o.s.c.o.FeignClientFactoryBean : For 'USER-SERVICE' URL not provided. Will try picking an instance via load-balancing.
2026-09-30 16:50:38 INFO  [main] traceId= spanId= o.s.c.o.FeignClientFactoryBean : For 'PRODUCT-CATEGORY-SERVICE' URL not provided. Will try picking an instance via load-balancing.
2026-09-30 16:50:38 WARN  [main] traceId= spanId= o.s.b.w.s.s.c.AnnotationConfigServletWebServerApplicationContext : Exception encountered during context initialization - cancelling refresh attempt: org.springframework.beans.factory.BeanCreationException: Error creating bean with name 'orderServiceImplementation': Lookup method resolution failed
2026-09-30 16:50:38 WARN  [main] traceId= spanId= o.s.c.a.AnnotationConfigApplicationContext : Exception thrown from ApplicationListener handling ContextClosedEvent
org.springframework.beans.factory.BeanCreationNotAllowedException: Error creating bean with name 'rabbitConnectionFactory': Singleton bean creation not allowed while singletons of this factory are in destruction (Do not request a bean from a BeanFactory in a destroy method implementation!)
	at org.springframework.beans.factory.support.DefaultSingletonBeanRegistry.getSingleton(DefaultSingletonBeanRegistry.java:301)
	at org.springframework.beans.factory.support.AbstractBeanFactory.doGetBean(AbstractBeanFactory.java:331)
	at org.springframework.beans.factory.support.AbstractBeanFactory.getBean(AbstractBeanFactory.java:201)
	at org.springframework.context.event.AbstractApplicationEventMulticaster.retrieveApplicationListeners(AbstractApplicationEventMulticaster.java:266)
	at org.springframework.context.event.AbstractApplicationEventMulticaster.getApplicationListeners(AbstractApplicationEventMulticaster.java:222)
	at org.springframework.context.event.SimpleApplicationEventMulticaster.multicastEvent(SimpleApplicationEventMulticaster.java:140)
	at org.springframework.context.support.AbstractApplicationContext.publishEvent(AbstractApplicationContext.java:448)
	at org.springframework.context.support.AbstractApplicationContext.publishEvent(AbstractApplicationContext.java:454)
	at org.springframework.context.support.AbstractApplicationContext.publishEvent(AbstractApplicationContext.java:381)
	at org.springframework.context.support.AbstractApplicationContext.doClose(AbstractApplicationContext.java:1190)
	at org.springframework.context.support.AbstractApplicationContext.close(AbstractApplicationContext.java:1153)
	at org.springframework.cloud.context.named.NamedContextFactory.destroy(NamedContextFactory.java:116)
	at org.springframework.beans.factory.support.DisposableBeanAdapter.destroy(DisposableBeanAdapter.java:209)
	at org.springframework.beans.factory.support.DefaultSingletonBeanRegistry.destroyBean(DefaultSingletonBeanRegistry.java:795)
	at org.springframework.beans.factory.support.DefaultSingletonBeanRegistry.destroySingleton(DefaultSingletonBeanRegistry.java:745)
	at org.springframework.beans.factory.support.DefaultListableBeanFactory.destroySingleton(DefaultListableBeanFactory.java:1500)
	at org.springframework.beans.factory.support.DefaultSingletonBeanRegistry.destroySingletons(DefaultSingletonBeanRegistry.java:704)
	at org.springframework.beans.factory.support.DefaultListableBeanFactory.destroySingletons(DefaultListableBeanFactory.java:1493)
	at org.springframework.context.support.AbstractApplicationContext.destroyBeans(AbstractApplicationContext.java:1246)
	at org.springframework.context.support.AbstractApplicationContext.refresh(AbstractApplicationContext.java:644)
	at org.springframework.boot.web.server.servlet.context.ServletWebServerApplicationContext.refresh(ServletWebServerApplicationContext.java:143)
	at org.springframework.boot.SpringApplication.refresh(SpringApplication.java:756)
	at org.springframework.boot.SpringApplication.refreshContext(SpringApplication.java:445)
	at org.springframework.boot.SpringApplication.run(SpringApplication.java:321)
	at org.springframework.boot.SpringApplication.run(SpringApplication.java:1365)
	at org.springframework.boot.SpringApplication.run(SpringApplication.java:1354)
	at com.easybuy.cart_order.CartOrderServiceApplication.main(CartOrderServiceApplication.java:14)
2026-09-30 16:50:38 WARN  [main] traceId= spanId= o.s.c.a.AnnotationConfigApplicationContext : Exception thrown from ApplicationListener handling ContextClosedEvent
org.springframework.beans.factory.BeanCreationNotAllowedException: Error creating bean with name 'rabbitConnectionFactory': Singleton bean creation not allowed while singletons of this factory are in destruction (Do not request a bean from a BeanFactory in a destroy method implementation!)
	at org.springframework.beans.factory.support.DefaultSingletonBeanRegistry.getSingleton(DefaultSingletonBeanRegistry.java:301)
	at org.springframework.beans.factory.support.AbstractBeanFactory.doGetBean(AbstractBeanFactory.java:331)
	at org.springframework.beans.factory.support.AbstractBeanFactory.getBean(AbstractBeanFactory.java:201)
	at org.springframework.context.event.AbstractApplicationEventMulticaster.retrieveApplicationListeners(AbstractApplicationEventMulticaster.java:266)
	at org.springframework.context.event.AbstractApplicationEventMulticaster.getApplicationListeners(AbstractApplicationEventMulticaster.java:222)
	at org.springframework.context.event.SimpleApplicationEventMulticaster.multicastEvent(SimpleApplicationEventMulticaster.java:140)
	at org.springframework.context.support.AbstractApplicationContext.publishEvent(AbstractApplicationContext.java:448)
	at org.springframework.context.support.AbstractApplicationContext.publishEvent(AbstractApplicationContext.java:454)
	at org.springframework.context.support.AbstractApplicationContext.publishEvent(AbstractApplicationContext.java:381)
	at org.springframework.context.support.AbstractApplicationContext.doClose(AbstractApplicationContext.java:1190)
	at org.springframework.context.support.AbstractApplicationContext.close(AbstractApplicationContext.java:1153)
	at org.springframework.cloud.context.named.NamedContextFactory.destroy(NamedContextFactory.java:116)
	at org.springframework.beans.factory.support.DisposableBeanAdapter.destroy(DisposableBeanAdapter.java:209)
	at org.springframework.beans.factory.support.DefaultSingletonBeanRegistry.destroyBean(DefaultSingletonBeanRegistry.java:795)
	at org.springframework.beans.factory.support.DefaultSingletonBeanRegistry.destroySingleton(DefaultSingletonBeanRegistry.java:745)
	at org.springframework.beans.factory.support.DefaultListableBeanFactory.destroySingleton(DefaultListableBeanFactory.java:1500)
	at org.springframework.beans.factory.support.DefaultSingletonBeanRegistry.destroySingletons(DefaultSingletonBeanRegistry.java:704)
	at org.springframework.beans.factory.support.DefaultListableBeanFactory.destroySingletons(DefaultListableBeanFactory.java:1493)
	at org.springframework.context.support.AbstractApplicationContext.destroyBeans(AbstractApplicationContext.java:1246)
	at org.springframework.context.support.AbstractApplicationContext.refresh(AbstractApplicationContext.java:644)
	at org.springframework.boot.web.server.servlet.context.ServletWebServerApplicationContext.refresh(ServletWebServerApplicationContext.java:143)
	at org.springframework.boot.SpringApplication.refresh(SpringApplication.java:756)
	at org.springframework.boot.SpringApplication.refreshContext(SpringApplication.java:445)
	at org.springframework.boot.SpringApplication.run(SpringApplication.java:321)
	at org.springframework.boot.SpringApplication.run(SpringApplication.java:1365)
	at org.springframework.boot.SpringApplication.run(SpringApplication.java:1354)
	at com.easybuy.cart_order.CartOrderServiceApplication.main(CartOrderServiceApplication.java:14)
2026-09-30 16:50:38 INFO  [main] traceId= spanId= o.s.o.j.LocalContainerEntityManagerFactoryBean : Closing JPA EntityManagerFactory for persistence unit 'default'
2026-09-30 16:50:38 INFO  [main] traceId= spanId= com.zaxxer.hikari.HikariDataSource : HikariPool-1 - Shutdown initiated...
2026-09-30 16:50:38 INFO  [main] traceId= spanId= com.zaxxer.hikari.HikariDataSource : HikariPool-1 - Shutdown completed.
2026-09-30 16:50:38 INFO  [main] traceId= spanId= o.a.catalina.core.StandardService : Stopping service [Tomcat]
2026-09-30 16:50:39 INFO  [main] traceId= spanId= o.s.b.a.l.ConditionEvaluationReportLogger : 

Error starting ApplicationContext. To display the condition evaluation report re-run your application with 'debug' enabled.
2026-09-30 16:50:39 ERROR [main] traceId= spanId= o.s.boot.SpringApplication : Application run failed
org.springframework.beans.factory.BeanCreationException: Error creating bean with name 'orderServiceImplementation': Lookup method resolution failed
	at org.springframework.beans.factory.annotation.AutowiredAnnotationBeanPostProcessor.checkLookupMethods(AutowiredAnnotationBeanPostProcessor.java:482)
	at org.springframework.beans.factory.annotation.AutowiredAnnotationBeanPostProcessor.determineCandidateConstructors(AutowiredAnnotationBeanPostProcessor.java:352)
	at org.springframework.beans.factory.support.AbstractAutowireCapableBeanFactory.determineConstructorsFromBeanPostProcessors(AbstractAutowireCapableBeanFactory.java:1321)
	at org.springframework.beans.factory.support.AbstractAutowireCapableBeanFactory.createBeanInstance(AbstractAutowireCapableBeanFactory.java:1218)
	at org.springframework.beans.factory.support.AbstractAutowireCapableBeanFactory.doCreateBean(AbstractAutowireCapableBeanFactory.java:565)
	at org.springframework.beans.factory.support.AbstractAutowireCapableBeanFactory.createBean(AbstractAutowireCapableBeanFactory.java:525)
	at org.springframework.beans.factory.support.AbstractBeanFactory.lambda$doGetBean$0(AbstractBeanFactory.java:333)
	at org.springframework.beans.factory.support.DefaultSingletonBeanRegistry.getSingleton(DefaultSingletonBeanRegistry.java:371)
	at org.springframework.beans.factory.support.AbstractBeanFactory.doGetBean(AbstractBeanFactory.java:331)
	at org.springframework.beans.factory.support.AbstractBeanFactory.getBean(AbstractBeanFactory.java:196)
	at org.springframework.beans.factory.support.DefaultListableBeanFactory.instantiateSingleton(DefaultListableBeanFactory.java:1218)
	at org.springframework.beans.factory.support.DefaultListableBeanFactory.preInstantiateSingleton(DefaultListableBeanFactory.java:1184)
	at org.springframework.beans.factory.support.DefaultListableBeanFactory.preInstantiateSingletons(DefaultListableBeanFactory.java:1121)
	at org.springframework.context.support.AbstractApplicationContext.finishBeanFactoryInitialization(AbstractApplicationContext.java:994)
	at org.springframework.context.support.AbstractApplicationContext.refresh(AbstractApplicationContext.java:621)
	at org.springframework.boot.web.server.servlet.context.ServletWebServerApplicationContext.refresh(ServletWebServerApplicationContext.java:143)
	at org.springframework.boot.SpringApplication.refresh(SpringApplication.java:756)
	at org.springframework.boot.SpringApplication.refreshContext(SpringApplication.java:445)
	at org.springframework.boot.SpringApplication.run(SpringApplication.java:321)
	at org.springframework.boot.SpringApplication.run(SpringApplication.java:1365)
	at org.springframework.boot.SpringApplication.run(SpringApplication.java:1354)
	at com.easybuy.cart_order.CartOrderServiceApplication.main(CartOrderServiceApplication.java:14)
Caused by: java.lang.IllegalStateException: Failed to introspect Class [com.easybuy.cart_order.Service.implementations.OrderServiceImplementation] from ClassLoader [jdk.internal.loader.ClassLoaders$AppClassLoader@14dad5dc]
	at org.springframework.util.ReflectionUtils.getDeclaredMethods(ReflectionUtils.java:483)
	at org.springframework.util.ReflectionUtils.doWithLocalMethods(ReflectionUtils.java:320)
	at org.springframework.beans.factory.annotation.AutowiredAnnotationBeanPostProcessor.checkLookupMethods(AutowiredAnnotationBeanPostProcessor.java:460)
	... 21 common frames omitted
Caused by: java.lang.NoClassDefFoundError: OrderEvent
	at java.base/java.lang.Class.getDeclaredMethods0(Native Method)
	at java.base/java.lang.Class.privateGetDeclaredMethods(Class.java:3010)
	at java.base/java.lang.Class.getDeclaredMethods(Class.java:2329)
	at org.springframework.util.ReflectionUtils.getDeclaredMethods(ReflectionUtils.java:465)
	... 23 common frames omitted
Caused by: java.lang.ClassNotFoundException: OrderEvent
	at java.base/jdk.internal.loader.BuiltinClassLoader.loadClass(BuiltinClassLoader.java:580)
	at java.base/java.lang.ClassLoader.loadClass(ClassLoader.java:490)
	... 27 common frames omitted
2026-09-30 16:51:25 INFO  [main] traceId= spanId= c.e.c.CartOrderServiceApplication : Starting CartOrderServiceApplication using Java 25.0.2 with PID 54678 (/Users/canzova/IdeaProjects/MicroDevops/cart-order-service/target/classes started by canzova in /Users/canzova/IdeaProjects/MicroDevops)
2026-09-30 16:51:25 DEBUG [main] traceId= spanId= c.e.c.CartOrderServiceApplication : Running with Spring Boot v4.0.6, Spring v7.0.7
2026-09-30 16:51:25 INFO  [main] traceId= spanId= c.e.c.CartOrderServiceApplication : No active profile set, falling back to 1 default profile: "default"
2026-09-30 16:51:25 INFO  [main] traceId= spanId= o.s.c.c.c.ConfigServerConfigDataLoader : Fetching config from server at : http://localhost:8079
2026-09-30 16:51:25 INFO  [main] traceId= spanId= o.s.c.c.c.ConfigServerConfigDataLoader : Located environment: name=cart-order-service, profiles=[default], label=null, version=81c6b54ba943cc23f3785a62bdfb85381b2433f3, state=
2026-09-30 16:51:26 INFO  [main] traceId= spanId= o.s.d.r.c.RepositoryConfigurationDelegate : Bootstrapping Spring Data JPA repositories in DEFAULT mode.
2026-09-30 16:51:26 INFO  [main] traceId= spanId= o.s.d.r.c.RepositoryConfigurationDelegate : Finished Spring Data repository scanning in 136 ms. Found 4 JPA repository interfaces.
2026-09-30 16:51:26 INFO  [main] traceId= spanId= o.s.i.c.DefaultConfiguringBeanFactoryPostProcessor : No bean named 'errorChannel' has been explicitly defined. Therefore, a default PublishSubscribeChannel will be created.
2026-09-30 16:51:26 INFO  [main] traceId= spanId= o.s.i.c.DefaultConfiguringBeanFactoryPostProcessor : No bean named 'integrationHeaderChannelRegistry' has been explicitly defined. Therefore, a default DefaultHeaderChannelRegistry will be created.
2026-09-30 16:51:26 INFO  [main] traceId= spanId= o.s.cloud.context.scope.GenericScope : BeanFactory id=619e1bdb-19cf-3e8c-b179-f20fa033e72d
2026-09-30 16:51:27 INFO  [main] traceId= spanId= o.s.boot.tomcat.TomcatWebServer : Tomcat initialized with port 8081 (http)
2026-09-30 16:51:27 INFO  [main] traceId= spanId= o.a.catalina.core.StandardService : Starting service [Tomcat]
2026-09-30 16:51:27 INFO  [main] traceId= spanId= o.a.catalina.core.StandardEngine : Starting Servlet engine: [Apache Tomcat/11.0.21]
2026-09-30 16:51:27 INFO  [main] traceId= spanId= o.s.b.w.c.s.WebApplicationContextInitializer : Root WebApplicationContext: initialization completed in 1503 ms
2026-09-30 16:51:27 INFO  [main] traceId= spanId= org.hibernate.orm.jpa : HHH008540: Processing PersistenceUnitInfo [name: default]
2026-09-30 16:51:27 INFO  [main] traceId= spanId= org.hibernate.orm.core : HHH000001: Hibernate ORM core version 7.2.12.Final
2026-09-30 16:51:27 INFO  [main] traceId= spanId= o.s.o.j.p.SpringPersistenceUnitInfo : No LoadTimeWeaver setup: ignoring JPA class transformer
2026-09-30 16:51:27 INFO  [main] traceId= spanId= com.zaxxer.hikari.HikariDataSource : HikariPool-1 - Starting...
2026-09-30 16:51:28 INFO  [main] traceId= spanId= com.zaxxer.hikari.pool.HikariPool : HikariPool-1 - Added connection com.mysql.cj.jdbc.ConnectionImpl@caaf5b
2026-09-30 16:51:28 INFO  [main] traceId= spanId= com.zaxxer.hikari.HikariDataSource : HikariPool-1 - Start completed.
2026-09-30 16:51:28 WARN  [main] traceId= spanId= org.hibernate.orm.deprecation : HHH90000025: MySQLDialect does not need to be specified explicitly using 'hibernate.dialect' (remove the property setting and it will be selected by default)
2026-09-30 16:51:28 INFO  [main] traceId= spanId= o.hibernate.orm.connections.pooling : HHH10001005: Database info:
	Database JDBC URL [jdbc:mysql://localhost:3306/order_db]
	Database driver: MySQL Connector/J
	Database dialect: MySQLDialect
	Database version: 8.4.9
	Default catalog/schema: order_db/undefined
	Autocommit mode: undefined/unknown
	Isolation level: REPEATABLE_READ [default REPEATABLE_READ]
	JDBC fetch size: none
	Pool: DataSourceConnectionProvider
	Minimum pool size: undefined/unknown
	Maximum pool size: undefined/unknown
2026-09-30 16:51:28 INFO  [main] traceId= spanId= org.hibernate.orm.core : HHH000489: No JTA platform available (set 'hibernate.transaction.jta.platform' to enable JTA platform integration)
2026-09-30 16:51:28 INFO  [main] traceId= spanId= o.s.o.j.LocalContainerEntityManagerFactoryBean : Initialized JPA EntityManagerFactory for persistence unit 'default'
2026-09-30 16:51:28 INFO  [main] traceId= spanId= o.s.d.j.r.q.QueryEnhancerFactories : Hibernate is in classpath; If applicable, HQL parser will be used.
2026-09-30 16:51:28 WARN  [main] traceId= spanId= o.s.b.j.a.JpaBaseConfiguration$JpaWebConfiguration : spring.jpa.open-in-view is enabled by default. Therefore, database queries may be performed during view rendering. Explicitly configure spring.jpa.open-in-view to disable this warning
2026-09-30 16:51:29 INFO  [main] traceId= spanId= o.s.c.o.FeignClientFactoryBean : For 'USER-SERVICE' URL not provided. Will try picking an instance via load-balancing.
2026-09-30 16:51:29 INFO  [main] traceId= spanId= o.s.c.o.FeignClientFactoryBean : For 'PRODUCT-CATEGORY-SERVICE' URL not provided. Will try picking an instance via load-balancing.
2026-09-30 16:51:29 WARN  [main] traceId= spanId= o.s.b.w.s.s.c.AnnotationConfigServletWebServerApplicationContext : Exception encountered during context initialization - cancelling refresh attempt: org.springframework.beans.factory.BeanCreationException: Error creating bean with name 'orderServiceImplementation': Lookup method resolution failed
2026-09-30 16:51:29 WARN  [main] traceId= spanId= o.s.c.a.AnnotationConfigApplicationContext : Exception thrown from ApplicationListener handling ContextClosedEvent
org.springframework.beans.factory.BeanCreationNotAllowedException: Error creating bean with name 'rabbitConnectionFactory': Singleton bean creation not allowed while singletons of this factory are in destruction (Do not request a bean from a BeanFactory in a destroy method implementation!)
	at org.springframework.beans.factory.support.DefaultSingletonBeanRegistry.getSingleton(DefaultSingletonBeanRegistry.java:301)
	at org.springframework.beans.factory.support.AbstractBeanFactory.doGetBean(AbstractBeanFactory.java:331)
	at org.springframework.beans.factory.support.AbstractBeanFactory.getBean(AbstractBeanFactory.java:201)
	at org.springframework.context.event.AbstractApplicationEventMulticaster.retrieveApplicationListeners(AbstractApplicationEventMulticaster.java:266)
	at org.springframework.context.event.AbstractApplicationEventMulticaster.getApplicationListeners(AbstractApplicationEventMulticaster.java:222)
	at org.springframework.context.event.SimpleApplicationEventMulticaster.multicastEvent(SimpleApplicationEventMulticaster.java:140)
	at org.springframework.context.support.AbstractApplicationContext.publishEvent(AbstractApplicationContext.java:448)
	at org.springframework.context.support.AbstractApplicationContext.publishEvent(AbstractApplicationContext.java:454)
	at org.springframework.context.support.AbstractApplicationContext.publishEvent(AbstractApplicationContext.java:381)
	at org.springframework.context.support.AbstractApplicationContext.doClose(AbstractApplicationContext.java:1190)
	at org.springframework.context.support.AbstractApplicationContext.close(AbstractApplicationContext.java:1153)
	at org.springframework.cloud.context.named.NamedContextFactory.destroy(NamedContextFactory.java:116)
	at org.springframework.beans.factory.support.DisposableBeanAdapter.destroy(DisposableBeanAdapter.java:209)
	at org.springframework.beans.factory.support.DefaultSingletonBeanRegistry.destroyBean(DefaultSingletonBeanRegistry.java:795)
	at org.springframework.beans.factory.support.DefaultSingletonBeanRegistry.destroySingleton(DefaultSingletonBeanRegistry.java:745)
	at org.springframework.beans.factory.support.DefaultListableBeanFactory.destroySingleton(DefaultListableBeanFactory.java:1500)
	at org.springframework.beans.factory.support.DefaultSingletonBeanRegistry.destroySingletons(DefaultSingletonBeanRegistry.java:704)
	at org.springframework.beans.factory.support.DefaultListableBeanFactory.destroySingletons(DefaultListableBeanFactory.java:1493)
	at org.springframework.context.support.AbstractApplicationContext.destroyBeans(AbstractApplicationContext.java:1246)
	at org.springframework.context.support.AbstractApplicationContext.refresh(AbstractApplicationContext.java:644)
	at org.springframework.boot.web.server.servlet.context.ServletWebServerApplicationContext.refresh(ServletWebServerApplicationContext.java:143)
	at org.springframework.boot.SpringApplication.refresh(SpringApplication.java:756)
	at org.springframework.boot.SpringApplication.refreshContext(SpringApplication.java:445)
	at org.springframework.boot.SpringApplication.run(SpringApplication.java:321)
	at org.springframework.boot.SpringApplication.run(SpringApplication.java:1365)
	at org.springframework.boot.SpringApplication.run(SpringApplication.java:1354)
	at com.easybuy.cart_order.CartOrderServiceApplication.main(CartOrderServiceApplication.java:14)
2026-09-30 16:51:29 WARN  [main] traceId= spanId= o.s.c.a.AnnotationConfigApplicationContext : Exception thrown from ApplicationListener handling ContextClosedEvent
org.springframework.beans.factory.BeanCreationNotAllowedException: Error creating bean with name 'rabbitConnectionFactory': Singleton bean creation not allowed while singletons of this factory are in destruction (Do not request a bean from a BeanFactory in a destroy method implementation!)
	at org.springframework.beans.factory.support.DefaultSingletonBeanRegistry.getSingleton(DefaultSingletonBeanRegistry.java:301)
	at org.springframework.beans.factory.support.AbstractBeanFactory.doGetBean(AbstractBeanFactory.java:331)
	at org.springframework.beans.factory.support.AbstractBeanFactory.getBean(AbstractBeanFactory.java:201)
	at org.springframework.context.event.AbstractApplicationEventMulticaster.retrieveApplicationListeners(AbstractApplicationEventMulticaster.java:266)
	at org.springframework.context.event.AbstractApplicationEventMulticaster.getApplicationListeners(AbstractApplicationEventMulticaster.java:222)
	at org.springframework.context.event.SimpleApplicationEventMulticaster.multicastEvent(SimpleApplicationEventMulticaster.java:140)
	at org.springframework.context.support.AbstractApplicationContext.publishEvent(AbstractApplicationContext.java:448)
	at org.springframework.context.support.AbstractApplicationContext.publishEvent(AbstractApplicationContext.java:454)
	at org.springframework.context.support.AbstractApplicationContext.publishEvent(AbstractApplicationContext.java:381)
	at org.springframework.context.support.AbstractApplicationContext.doClose(AbstractApplicationContext.java:1190)
	at org.springframework.context.support.AbstractApplicationContext.close(AbstractApplicationContext.java:1153)
	at org.springframework.cloud.context.named.NamedContextFactory.destroy(NamedContextFactory.java:116)
	at org.springframework.beans.factory.support.DisposableBeanAdapter.destroy(DisposableBeanAdapter.java:209)
	at org.springframework.beans.factory.support.DefaultSingletonBeanRegistry.destroyBean(DefaultSingletonBeanRegistry.java:795)
	at org.springframework.beans.factory.support.DefaultSingletonBeanRegistry.destroySingleton(DefaultSingletonBeanRegistry.java:745)
	at org.springframework.beans.factory.support.DefaultListableBeanFactory.destroySingleton(DefaultListableBeanFactory.java:1500)
	at org.springframework.beans.factory.support.DefaultSingletonBeanRegistry.destroySingletons(DefaultSingletonBeanRegistry.java:704)
	at org.springframework.beans.factory.support.DefaultListableBeanFactory.destroySingletons(DefaultListableBeanFactory.java:1493)
	at org.springframework.context.support.AbstractApplicationContext.destroyBeans(AbstractApplicationContext.java:1246)
	at org.springframework.context.support.AbstractApplicationContext.refresh(AbstractApplicationContext.java:644)
	at org.springframework.boot.web.server.servlet.context.ServletWebServerApplicationContext.refresh(ServletWebServerApplicationContext.java:143)
	at org.springframework.boot.SpringApplication.refresh(SpringApplication.java:756)
	at org.springframework.boot.SpringApplication.refreshContext(SpringApplication.java:445)
	at org.springframework.boot.SpringApplication.run(SpringApplication.java:321)
	at org.springframework.boot.SpringApplication.run(SpringApplication.java:1365)
	at org.springframework.boot.SpringApplication.run(SpringApplication.java:1354)
	at com.easybuy.cart_order.CartOrderServiceApplication.main(CartOrderServiceApplication.java:14)
2026-09-30 16:51:29 INFO  [main] traceId= spanId= o.s.o.j.LocalContainerEntityManagerFactoryBean : Closing JPA EntityManagerFactory for persistence unit 'default'
2026-09-30 16:51:29 INFO  [main] traceId= spanId= com.zaxxer.hikari.HikariDataSource : HikariPool-1 - Shutdown initiated...
2026-09-30 16:51:29 INFO  [main] traceId= spanId= com.zaxxer.hikari.HikariDataSource : HikariPool-1 - Shutdown completed.
2026-09-30 16:51:29 INFO  [main] traceId= spanId= o.a.catalina.core.StandardService : Stopping service [Tomcat]
2026-09-30 16:51:29 INFO  [main] traceId= spanId= o.s.b.a.l.ConditionEvaluationReportLogger : 

Error starting ApplicationContext. To display the condition evaluation report re-run your application with 'debug' enabled.
2026-09-30 16:51:29 ERROR [main] traceId= spanId= o.s.boot.SpringApplication : Application run failed
org.springframework.beans.factory.BeanCreationException: Error creating bean with name 'orderServiceImplementation': Lookup method resolution failed
	at org.springframework.beans.factory.annotation.AutowiredAnnotationBeanPostProcessor.checkLookupMethods(AutowiredAnnotationBeanPostProcessor.java:482)
	at org.springframework.beans.factory.annotation.AutowiredAnnotationBeanPostProcessor.determineCandidateConstructors(AutowiredAnnotationBeanPostProcessor.java:352)
	at org.springframework.beans.factory.support.AbstractAutowireCapableBeanFactory.determineConstructorsFromBeanPostProcessors(AbstractAutowireCapableBeanFactory.java:1321)
	at org.springframework.beans.factory.support.AbstractAutowireCapableBeanFactory.createBeanInstance(AbstractAutowireCapableBeanFactory.java:1218)
	at org.springframework.beans.factory.support.AbstractAutowireCapableBeanFactory.doCreateBean(AbstractAutowireCapableBeanFactory.java:565)
	at org.springframework.beans.factory.support.AbstractAutowireCapableBeanFactory.createBean(AbstractAutowireCapableBeanFactory.java:525)
	at org.springframework.beans.factory.support.AbstractBeanFactory.lambda$doGetBean$0(AbstractBeanFactory.java:333)
	at org.springframework.beans.factory.support.DefaultSingletonBeanRegistry.getSingleton(DefaultSingletonBeanRegistry.java:371)
	at org.springframework.beans.factory.support.AbstractBeanFactory.doGetBean(AbstractBeanFactory.java:331)
	at org.springframework.beans.factory.support.AbstractBeanFactory.getBean(AbstractBeanFactory.java:196)
	at org.springframework.beans.factory.support.DefaultListableBeanFactory.instantiateSingleton(DefaultListableBeanFactory.java:1218)
	at org.springframework.beans.factory.support.DefaultListableBeanFactory.preInstantiateSingleton(DefaultListableBeanFactory.java:1184)
	at org.springframework.beans.factory.support.DefaultListableBeanFactory.preInstantiateSingletons(DefaultListableBeanFactory.java:1121)
	at org.springframework.context.support.AbstractApplicationContext.finishBeanFactoryInitialization(AbstractApplicationContext.java:994)
	at org.springframework.context.support.AbstractApplicationContext.refresh(AbstractApplicationContext.java:621)
	at org.springframework.boot.web.server.servlet.context.ServletWebServerApplicationContext.refresh(ServletWebServerApplicationContext.java:143)
	at org.springframework.boot.SpringApplication.refresh(SpringApplication.java:756)
	at org.springframework.boot.SpringApplication.refreshContext(SpringApplication.java:445)
	at org.springframework.boot.SpringApplication.run(SpringApplication.java:321)
	at org.springframework.boot.SpringApplication.run(SpringApplication.java:1365)
	at org.springframework.boot.SpringApplication.run(SpringApplication.java:1354)
	at com.easybuy.cart_order.CartOrderServiceApplication.main(CartOrderServiceApplication.java:14)
Caused by: java.lang.IllegalStateException: Failed to introspect Class [com.easybuy.cart_order.Service.implementations.OrderServiceImplementation] from ClassLoader [jdk.internal.loader.ClassLoaders$AppClassLoader@14dad5dc]
	at org.springframework.util.ReflectionUtils.getDeclaredMethods(ReflectionUtils.java:483)
	at org.springframework.util.ReflectionUtils.doWithLocalMethods(ReflectionUtils.java:320)
	at org.springframework.beans.factory.annotation.AutowiredAnnotationBeanPostProcessor.checkLookupMethods(AutowiredAnnotationBeanPostProcessor.java:460)
	... 21 common frames omitted
Caused by: java.lang.NoClassDefFoundError: OrderEvent
	at java.base/java.lang.Class.getDeclaredMethods0(Native Method)
	at java.base/java.lang.Class.privateGetDeclaredMethods(Class.java:3010)
	at java.base/java.lang.Class.getDeclaredMethods(Class.java:2329)
	at org.springframework.util.ReflectionUtils.getDeclaredMethods(ReflectionUtils.java:465)
	... 23 common frames omitted
Caused by: java.lang.ClassNotFoundException: OrderEvent
	at java.base/jdk.internal.loader.BuiltinClassLoader.loadClass(BuiltinClassLoader.java:580)
	at java.base/java.lang.ClassLoader.loadClass(ClassLoader.java:490)
	... 27 common frames omitted
2026-09-30 16:56:05 INFO  [main] traceId= spanId= c.e.c.CartOrderServiceApplication : Starting CartOrderServiceApplication using Java 25.0.2 with PID 55670 (/Users/canzova/IdeaProjects/MicroDevops/cart-order-service/target/classes started by canzova in /Users/canzova/IdeaProjects/MicroDevops)
2026-09-30 16:56:05 DEBUG [main] traceId= spanId= c.e.c.CartOrderServiceApplication : Running with Spring Boot v4.0.6, Spring v7.0.7
2026-09-30 16:56:05 INFO  [main] traceId= spanId= c.e.c.CartOrderServiceApplication : No active profile set, falling back to 1 default profile: "default"
2026-09-30 16:56:05 INFO  [main] traceId= spanId= o.s.c.c.c.ConfigServerConfigDataLoader : Fetching config from server at : http://localhost:8079
2026-09-30 16:56:05 INFO  [main] traceId= spanId= o.s.c.c.c.ConfigServerConfigDataLoader : Located environment: name=cart-order-service, profiles=[default], label=null, version=81c6b54ba943cc23f3785a62bdfb85381b2433f3, state=
2026-09-30 16:56:06 INFO  [main] traceId= spanId= o.s.d.r.c.RepositoryConfigurationDelegate : Bootstrapping Spring Data JPA repositories in DEFAULT mode.
2026-09-30 16:56:06 INFO  [main] traceId= spanId= o.s.d.r.c.RepositoryConfigurationDelegate : Finished Spring Data repository scanning in 89 ms. Found 4 JPA repository interfaces.
2026-09-30 16:56:06 INFO  [main] traceId= spanId= o.s.i.c.DefaultConfiguringBeanFactoryPostProcessor : No bean named 'errorChannel' has been explicitly defined. Therefore, a default PublishSubscribeChannel will be created.
2026-09-30 16:56:06 INFO  [main] traceId= spanId= o.s.i.c.DefaultConfiguringBeanFactoryPostProcessor : No bean named 'integrationHeaderChannelRegistry' has been explicitly defined. Therefore, a default DefaultHeaderChannelRegistry will be created.
2026-09-30 16:56:06 INFO  [main] traceId= spanId= o.s.cloud.context.scope.GenericScope : BeanFactory id=619e1bdb-19cf-3e8c-b179-f20fa033e72d
2026-09-30 16:56:07 INFO  [main] traceId= spanId= o.s.boot.tomcat.TomcatWebServer : Tomcat initialized with port 8081 (http)
2026-09-30 16:56:07 INFO  [main] traceId= spanId= o.a.catalina.core.StandardService : Starting service [Tomcat]
2026-09-30 16:56:07 INFO  [main] traceId= spanId= o.a.catalina.core.StandardEngine : Starting Servlet engine: [Apache Tomcat/11.0.21]
2026-09-30 16:56:07 INFO  [main] traceId= spanId= o.s.b.w.c.s.WebApplicationContextInitializer : Root WebApplicationContext: initialization completed in 1345 ms
2026-09-30 16:56:07 INFO  [main] traceId= spanId= org.hibernate.orm.jpa : HHH008540: Processing PersistenceUnitInfo [name: default]
2026-09-30 16:56:07 INFO  [main] traceId= spanId= org.hibernate.orm.core : HHH000001: Hibernate ORM core version 7.2.12.Final
2026-09-30 16:56:07 INFO  [main] traceId= spanId= o.s.o.j.p.SpringPersistenceUnitInfo : No LoadTimeWeaver setup: ignoring JPA class transformer
2026-09-30 16:56:07 INFO  [main] traceId= spanId= com.zaxxer.hikari.HikariDataSource : HikariPool-1 - Starting...
2026-09-30 16:56:07 INFO  [main] traceId= spanId= com.zaxxer.hikari.pool.HikariPool : HikariPool-1 - Added connection com.mysql.cj.jdbc.ConnectionImpl@56e71576
2026-09-30 16:56:07 INFO  [main] traceId= spanId= com.zaxxer.hikari.HikariDataSource : HikariPool-1 - Start completed.
2026-09-30 16:56:07 WARN  [main] traceId= spanId= org.hibernate.orm.deprecation : HHH90000025: MySQLDialect does not need to be specified explicitly using 'hibernate.dialect' (remove the property setting and it will be selected by default)
2026-09-30 16:56:07 INFO  [main] traceId= spanId= o.hibernate.orm.connections.pooling : HHH10001005: Database info:
	Database JDBC URL [jdbc:mysql://localhost:3306/order_db]
	Database driver: MySQL Connector/J
	Database dialect: MySQLDialect
	Database version: 8.4.9
	Default catalog/schema: order_db/undefined
	Autocommit mode: undefined/unknown
	Isolation level: REPEATABLE_READ [default REPEATABLE_READ]
	JDBC fetch size: none
	Pool: DataSourceConnectionProvider
	Minimum pool size: undefined/unknown
	Maximum pool size: undefined/unknown
2026-09-30 16:56:08 INFO  [main] traceId= spanId= org.hibernate.orm.core : HHH000489: No JTA platform available (set 'hibernate.transaction.jta.platform' to enable JTA platform integration)
2026-09-30 16:56:08 INFO  [main] traceId= spanId= o.s.o.j.LocalContainerEntityManagerFactoryBean : Initialized JPA EntityManagerFactory for persistence unit 'default'
2026-09-30 16:56:08 INFO  [main] traceId= spanId= o.s.d.j.r.q.QueryEnhancerFactories : Hibernate is in classpath; If applicable, HQL parser will be used.
2026-09-30 16:56:08 WARN  [main] traceId= spanId= o.s.b.j.a.JpaBaseConfiguration$JpaWebConfiguration : spring.jpa.open-in-view is enabled by default. Therefore, database queries may be performed during view rendering. Explicitly configure spring.jpa.open-in-view to disable this warning
2026-09-30 16:56:08 INFO  [main] traceId= spanId= o.s.c.o.FeignClientFactoryBean : For 'USER-SERVICE' URL not provided. Will try picking an instance via load-balancing.
2026-09-30 16:56:08 INFO  [main] traceId= spanId= o.s.c.o.FeignClientFactoryBean : For 'PRODUCT-CATEGORY-SERVICE' URL not provided. Will try picking an instance via load-balancing.
2026-09-30 16:56:08 INFO  [main] traceId= spanId= o.s.c.o.FeignClientFactoryBean : For 'INVENTORY-SERVICE' URL not provided. Will try picking an instance via load-balancing.
2026-09-30 16:56:09 INFO  [main] traceId= spanId= o.s.c.s.m.DirectWithAttributesChannel : Channel 'cart-order-service.springCloudBusInput' has 1 subscriber(s).
2026-09-30 16:56:10 INFO  [main] traceId= spanId= o.s.c.n.e.c.DiscoveryClientOptionalArgsConfiguration : Eureka HTTP Client uses RestClient.
2026-09-30 16:56:10 WARN  [main] traceId= spanId= o.s.c.l.c.LoadBalancerCacheAutoConfiguration$LoadBalancerCaffeineWarnLogger : Spring Cloud LoadBalancer is currently working with the default cache. While this cache implementation is useful for development and tests, it's recommended to use Caffeine cache in production.You can switch to using Caffeine cache, by adding it and org.springframework.cache.caffeine.CaffeineCacheManager to the classpath.
2026-09-30 16:56:10 INFO  [main] traceId= spanId= o.s.b.a.e.web.EndpointLinksResolver : Exposing 35 endpoints beneath base path '/actuator'
2026-09-30 16:56:10 INFO  [main] traceId= spanId= o.s.i.endpoint.EventDrivenConsumer : Adding {logging-channel-adapter:_org.springframework.integration.errorLogger} as a subscriber to the 'errorChannel' channel
2026-09-30 16:56:10 INFO  [main] traceId= spanId= o.s.i.c.PublishSubscribeChannel : Channel 'cart-order-service.errorChannel' has 1 subscriber(s).
2026-09-30 16:56:10 INFO  [main] traceId= spanId= o.s.i.endpoint.EventDrivenConsumer : started bean '_org.springframework.integration.errorLogger'
2026-09-30 16:56:10 INFO  [main] traceId= spanId= o.s.c.n.eureka.InstanceInfoFactory : Setting initial instance status as: STARTING
2026-09-30 16:56:10 INFO  [main] traceId= spanId= c.netflix.discovery.DiscoveryClient : Initializing Eureka in region us-east-1
2026-09-30 16:56:10 INFO  [main] traceId= spanId= c.n.d.s.r.aws.ConfigClusterResolver : Resolving eureka endpoints via configuration
2026-09-30 16:56:10 INFO  [main] traceId= spanId= c.netflix.discovery.DiscoveryClient : Disable delta property : false
2026-09-30 16:56:10 INFO  [main] traceId= spanId= c.netflix.discovery.DiscoveryClient : Single vip registry refresh property : null
2026-09-30 16:56:10 INFO  [main] traceId= spanId= c.netflix.discovery.DiscoveryClient : Force full registry fetch : false
2026-09-30 16:56:10 INFO  [main] traceId= spanId= c.netflix.discovery.DiscoveryClient : Application is null : false
2026-09-30 16:56:10 INFO  [main] traceId= spanId= c.netflix.discovery.DiscoveryClient : Registered Applications size is zero : true
2026-09-30 16:56:10 INFO  [main] traceId= spanId= c.netflix.discovery.DiscoveryClient : Application version is -1: true
2026-09-30 16:56:10 INFO  [main] traceId= spanId= c.netflix.discovery.DiscoveryClient : Getting all instance registry info from the eureka server
2026-09-30 16:56:10 INFO  [main] traceId= spanId= c.netflix.discovery.DiscoveryClient : The response status is 200
2026-09-30 16:56:10 INFO  [main] traceId= spanId= c.netflix.discovery.DiscoveryClient : Starting heartbeat executor: renew interval is: 30
2026-09-30 16:56:10 INFO  [main] traceId= spanId= c.n.discovery.InstanceInfoReplicator : InstanceInfoReplicator onDemand update allowed rate per min is 4
2026-09-30 16:56:10 INFO  [main] traceId= spanId= c.netflix.discovery.DiscoveryClient : Discovery Client initialized at timestamp 1790767570329 with initial instances count: 5
2026-09-30 16:56:10 INFO  [main] traceId= spanId= o.s.c.n.e.s.EurekaServiceRegistry : Registering application CART-ORDER-SERVICE with eureka with status UP
2026-09-30 16:56:10 INFO  [main] traceId= spanId= c.netflix.discovery.DiscoveryClient : Saw local status change event StatusChangeEvent [timestamp=1790767570336, current=UP, previous=STARTING]
2026-09-30 16:56:10 INFO  [DiscoveryClient-InstanceInfoReplicator-%d] traceId= spanId= c.netflix.discovery.DiscoveryClient : DiscoveryClient_CART-ORDER-SERVICE/10.19.63.112:cart-order-service:8081: registering service...
2026-09-30 16:56:10 INFO  [main] traceId= spanId= o.s.c.s.binder.DefaultBinderFactory : Creating binder: rabbit
2026-09-30 16:56:10 INFO  [main] traceId= spanId= o.s.c.s.binder.DefaultBinderFactory : Constructing binder child context for rabbit
2026-09-30 16:56:10 INFO  [DiscoveryClient-InstanceInfoReplicator-%d] traceId= spanId= c.netflix.discovery.DiscoveryClient : DiscoveryClient_CART-ORDER-SERVICE/10.19.63.112:cart-order-service:8081 - registration status: 204
2026-09-30 16:56:10 INFO  [main] traceId= spanId= o.s.c.s.binder.DefaultBinderFactory : Caching the binder: rabbit
2026-09-30 16:56:10 INFO  [main] traceId= spanId= o.s.c.s.b.r.p.RabbitExchangeQueueProvisioner : declaring queue for inbound: springCloudBus.anonymous.3nzGKltuTB2ABJKsOxbQRQ, bound to: springCloudBus
2026-09-30 16:56:10 INFO  [main] traceId= spanId= o.s.a.r.c.CachingConnectionFactory : Attempting to connect to: [localhost:5672]
2026-09-30 16:56:10 INFO  [main] traceId= spanId= o.s.a.r.c.CachingConnectionFactory : Created new connection: rabbitConnectionFactory#2f85140a:0/SimpleConnection@28d483d [delegate=amqp://user@127.0.0.1:5672/, localPort=58545]
2026-09-30 16:56:10 INFO  [main] traceId= spanId= o.s.c.s.binder.BinderErrorChannel : Channel 'rabbit-1847163182.springCloudBusInput.errors' has 1 subscriber(s).
2026-09-30 16:56:10 INFO  [main] traceId= spanId= o.s.c.s.binder.BinderErrorChannel : Channel 'rabbit-1847163182.springCloudBusInput.errors' has 2 subscriber(s).
2026-09-30 16:56:10 INFO  [main] traceId= spanId= o.s.i.a.i.AmqpInboundChannelAdapter : started bean 'inbound.springCloudBus.anonymous.3nzGKltuTB2ABJKsOxbQRQ'
2026-09-30 16:56:10 INFO  [main] traceId= spanId= o.s.boot.tomcat.TomcatWebServer : Tomcat started on port 8081 (http) with context path '/'
2026-09-30 16:56:10 INFO  [main] traceId= spanId= o.s.c.n.e.s.EurekaAutoServiceRegistration : Updating port to 8081
2026-09-30 16:56:10 INFO  [main] traceId= spanId= o.a.k.common.config.AbstractConfig : ConsumerConfig values: 
	allow.auto.create.topics = true
	auto.commit.interval.ms = 5000
	auto.offset.reset = earliest
	bootstrap.servers = [localhost:9092]
	check.crcs = true
	client.dns.lookup = use_all_dns_ips
	client.id = consumer-order-group-1
	client.rack = 
	connections.max.idle.ms = 540000
	default.api.timeout.ms = 60000
	enable.auto.commit = false
	enable.metrics.push = true
	exclude.internal.topics = true
	fetch.max.bytes = 52428800
	fetch.max.wait.ms = 500
	fetch.min.bytes = 1
	group.id = order-group
	group.instance.id = null
	group.protocol = classic
	group.remote.assignor = null
	heartbeat.interval.ms = 3000
	interceptor.classes = []
	internal.leave.group.on.close = true
	internal.throw.on.fetch.stable.offset.unsupported = false
	isolation.level = read_uncommitted
	key.deserializer = class org.apache.kafka.common.serialization.StringDeserializer
	max.partition.fetch.bytes = 1048576
	max.poll.interval.ms = 300000
	max.poll.records = 500
	metadata.max.age.ms = 300000
	metadata.recovery.rebootstrap.trigger.ms = 300000
	metadata.recovery.strategy = rebootstrap
	metric.reporters = [class io.opentelemetry.javaagent.shaded.instrumentation.kafkaclients.common.v0_11.internal.OpenTelemetryMetricsReporter]
	metrics.num.samples = 2
	metrics.recording.level = INFO
	metrics.sample.window.ms = 30000
	partition.assignment.strategy = [class org.apache.kafka.clients.consumer.RangeAssignor, class org.apache.kafka.clients.consumer.CooperativeStickyAssignor]
	receive.buffer.bytes = 65536
	reconnect.backoff.max.ms = 1000
	reconnect.backoff.ms = 50
	request.timeout.ms = 30000
	retry.backoff.max.ms = 1000
	retry.backoff.ms = 100
	sasl.client.callback.handler.class = null
	sasl.jaas.config = null
	sasl.kerberos.kinit.cmd = /usr/bin/kinit
	sasl.kerberos.min.time.before.relogin = 60000
	sasl.kerberos.service.name = null
	sasl.kerberos.ticket.renew.jitter = 0.05
	sasl.kerberos.ticket.renew.window.factor = 0.8
	sasl.login.callback.handler.class = null
	sasl.login.class = null
	sasl.login.connect.timeout.ms = null
	sasl.login.read.timeout.ms = null
	sasl.login.refresh.buffer.seconds = 300
	sasl.login.refresh.min.period.seconds = 60
	sasl.login.refresh.window.factor = 0.8
	sasl.login.refresh.window.jitter = 0.05
	sasl.login.retry.backoff.max.ms = 10000
	sasl.login.retry.backoff.ms = 100
	sasl.mechanism = GSSAPI
	sasl.oauthbearer.assertion.algorithm = RS256
	sasl.oauthbearer.assertion.claim.aud = null
	sasl.oauthbearer.assertion.claim.exp.seconds = 300
	sasl.oauthbearer.assertion.claim.iss = null
	sasl.oauthbearer.assertion.claim.jti.include = false
	sasl.oauthbearer.assertion.claim.nbf.seconds = 60
	sasl.oauthbearer.assertion.claim.sub = null
	sasl.oauthbearer.assertion.file = null
	sasl.oauthbearer.assertion.private.key.file = null
	sasl.oauthbearer.assertion.private.key.passphrase = null
	sasl.oauthbearer.assertion.template.file = null
	sasl.oauthbearer.client.credentials.client.id = null
	sasl.oauthbearer.client.credentials.client.secret = null
	sasl.oauthbearer.clock.skew.seconds = 30
	sasl.oauthbearer.expected.audience = null
	sasl.oauthbearer.expected.issuer = null
	sasl.oauthbearer.header.urlencode = false
	sasl.oauthbearer.jwks.endpoint.refresh.ms = 3600000
	sasl.oauthbearer.jwks.endpoint.retry.backoff.max.ms = 10000
	sasl.oauthbearer.jwks.endpoint.retry.backoff.ms = 100
	sasl.oauthbearer.jwks.endpoint.url = null
	sasl.oauthbearer.jwt.retriever.class = class org.apache.kafka.common.security.oauthbearer.DefaultJwtRetriever
	sasl.oauthbearer.jwt.validator.class = class org.apache.kafka.common.security.oauthbearer.DefaultJwtValidator
	sasl.oauthbearer.scope = null
	sasl.oauthbearer.scope.claim.name = scope
	sasl.oauthbearer.sub.claim.name = sub
	sasl.oauthbearer.token.endpoint.url = null
	security.protocol = PLAINTEXT
	security.providers = null
	send.buffer.bytes = 131072
	session.timeout.ms = 45000
	share.acknowledgement.mode = implicit
	socket.connection.setup.timeout.max.ms = 30000
	socket.connection.setup.timeout.ms = 10000
	ssl.cipher.suites = null
	ssl.enabled.protocols = [TLSv1.2, TLSv1.3]
	ssl.endpoint.identification.algorithm = https
	ssl.engine.factory.class = null
	ssl.key.password = null
	ssl.keymanager.algorithm = SunX509
	ssl.keystore.certificate.chain = null
	ssl.keystore.key = null
	ssl.keystore.location = null
	ssl.keystore.password = null
	ssl.keystore.type = JKS
	ssl.protocol = TLSv1.3
	ssl.provider = null
	ssl.secure.random.implementation = null
	ssl.trustmanager.algorithm = PKIX
	ssl.truststore.certificates = null
	ssl.truststore.location = null
	ssl.truststore.password = null
	ssl.truststore.type = JKS
	value.deserializer = class org.springframework.kafka.support.serializer.JsonDeserializer

2026-09-30 16:56:10 INFO  [main] traceId= spanId= o.a.k.c.t.i.KafkaMetricsCollector : initializing Kafka metrics collector
2026-09-30 16:56:10 INFO  [main] traceId= spanId= o.a.kafka.common.utils.AppInfoParser : Kafka version: 4.1.2
2026-09-30 16:56:10 INFO  [main] traceId= spanId= o.a.kafka.common.utils.AppInfoParser : Kafka commitId: c82fd9b934b4c1e6
2026-09-30 16:56:10 INFO  [main] traceId= spanId= o.a.kafka.common.utils.AppInfoParser : Kafka startTimeMs: 1790767570651
2026-09-30 16:56:10 INFO  [main] traceId= spanId= o.a.k.c.c.i.ClassicKafkaConsumer : [Consumer clientId=consumer-order-group-1, groupId=order-group] Subscribed to topic(s): PAYMENT_EVENT
2026-09-30 16:56:10 INFO  [main] traceId= spanId= c.e.c.CartOrderServiceApplication : Started CartOrderServiceApplication in 8.511 seconds (process running for 9.85)
2026-09-30 16:56:10 INFO  [org.springframework.kafka.KafkaListenerEndpointContainer#0-0-C-1] traceId= spanId= org.apache.kafka.clients.Metadata : [Consumer clientId=consumer-order-group-1, groupId=order-group] Cluster ID: 5L6g3nShT-eMCtK--X86sw
2026-09-30 16:56:10 INFO  [org.springframework.kafka.KafkaListenerEndpointContainer#0-0-C-1] traceId= spanId= o.a.k.c.c.i.ConsumerCoordinator : [Consumer clientId=consumer-order-group-1, groupId=order-group] Discovered group coordinator localhost:9092 (id: 2147483646 rack: null isFenced: false)
2026-09-30 16:56:10 INFO  [org.springframework.kafka.KafkaListenerEndpointContainer#0-0-C-1] traceId= spanId= o.a.k.c.c.i.ConsumerCoordinator : [Consumer clientId=consumer-order-group-1, groupId=order-group] (Re-)joining group
2026-09-30 16:56:10 INFO  [org.springframework.kafka.KafkaListenerEndpointContainer#0-0-C-1] traceId= spanId= o.a.k.c.c.i.ConsumerCoordinator : [Consumer clientId=consumer-order-group-1, groupId=order-group] Request joining group due to: need to re-join with the given member-id: consumer-order-group-1-aac7703f-d0c4-4d4b-95f8-6563ae39d3c7
2026-09-30 16:56:10 INFO  [org.springframework.kafka.KafkaListenerEndpointContainer#0-0-C-1] traceId= spanId= o.a.k.c.c.i.ConsumerCoordinator : [Consumer clientId=consumer-order-group-1, groupId=order-group] (Re-)joining group
2026-09-30 16:56:13 INFO  [org.springframework.kafka.KafkaListenerEndpointContainer#0-0-C-1] traceId= spanId= o.a.k.c.c.i.ConsumerCoordinator : [Consumer clientId=consumer-order-group-1, groupId=order-group] Successfully joined group with generation Generation{generationId=3, memberId='consumer-order-group-1-aac7703f-d0c4-4d4b-95f8-6563ae39d3c7', protocol='range'}
2026-09-30 16:56:13 INFO  [org.springframework.kafka.KafkaListenerEndpointContainer#0-0-C-1] traceId= spanId= o.a.k.c.c.i.ConsumerCoordinator : [Consumer clientId=consumer-order-group-1, groupId=order-group] Finished assignment for group at generation 3: {consumer-order-group-1-aac7703f-d0c4-4d4b-95f8-6563ae39d3c7=Assignment(partitions=[PAYMENT_EVENT-0])}
2026-09-30 16:56:13 INFO  [org.springframework.kafka.KafkaListenerEndpointContainer#0-0-C-1] traceId= spanId= o.a.k.c.c.i.ConsumerCoordinator : [Consumer clientId=consumer-order-group-1, groupId=order-group] Successfully synced group in generation Generation{generationId=3, memberId='consumer-order-group-1-aac7703f-d0c4-4d4b-95f8-6563ae39d3c7', protocol='range'}
2026-09-30 16:56:13 INFO  [org.springframework.kafka.KafkaListenerEndpointContainer#0-0-C-1] traceId= spanId= o.a.k.c.c.i.ConsumerCoordinator : [Consumer clientId=consumer-order-group-1, groupId=order-group] Notifying assignor about the new Assignment(partitions=[PAYMENT_EVENT-0])
2026-09-30 16:56:13 INFO  [org.springframework.kafka.KafkaListenerEndpointContainer#0-0-C-1] traceId= spanId= o.a.k.c.c.i.ConsumerRebalanceListenerInvoker : [Consumer clientId=consumer-order-group-1, groupId=order-group] Adding newly assigned partitions: [PAYMENT_EVENT-0]
2026-09-30 16:56:13 INFO  [org.springframework.kafka.KafkaListenerEndpointContainer#0-0-C-1] traceId= spanId= o.a.k.c.c.i.ConsumerCoordinator : [Consumer clientId=consumer-order-group-1, groupId=order-group] Found no committed offset for partition PAYMENT_EVENT-0
2026-09-30 16:56:13 INFO  [org.springframework.kafka.KafkaListenerEndpointContainer#0-0-C-1] traceId= spanId= o.a.k.c.c.i.SubscriptionState : [Consumer clientId=consumer-order-group-1, groupId=order-group] Resetting offset for partition PAYMENT_EVENT-0 to position FetchPosition{offset=0, offsetEpoch=Optional.empty, currentLeader=LeaderAndEpoch{leader=Optional[localhost:9092 (id: 1 rack: null isFenced: false)], epoch=0}}.
2026-09-30 16:56:13 INFO  [org.springframework.kafka.KafkaListenerEndpointContainer#0-0-C-1] traceId= spanId= o.s.k.l.KafkaMessageListenerContainer : order-group: partitions assigned: [PAYMENT_EVENT-0]
2026-09-30 16:56:23 INFO  [http-nio-8081-exec-1] traceId=0dccb5eeb4c8f5122f9f825dc3ea0f4e spanId=74eef0728c0cbb01 o.a.c.c.C.[Tomcat].[localhost].[/] : Initializing Spring DispatcherServlet 'dispatcherServlet'
2026-09-30 16:56:23 INFO  [http-nio-8081-exec-1] traceId=0dccb5eeb4c8f5122f9f825dc3ea0f4e spanId=74eef0728c0cbb01 o.s.web.servlet.DispatcherServlet : Initializing Servlet 'dispatcherServlet'
2026-09-30 16:56:23 INFO  [http-nio-8081-exec-1] traceId=0dccb5eeb4c8f5122f9f825dc3ea0f4e spanId=74eef0728c0cbb01 o.s.web.servlet.DispatcherServlet : Completed initialization in 4 ms
2026-09-30 17:01:10 INFO  [AsyncResolver-bootstrap-executor-%d] traceId= spanId= c.n.d.s.r.aws.ConfigClusterResolver : Resolving eureka endpoints via configuration
2026-09-30 17:06:10 INFO  [AsyncResolver-bootstrap-executor-%d] traceId= spanId= c.n.d.s.r.aws.ConfigClusterResolver : Resolving eureka endpoints via configuration
2026-09-30 17:11:10 INFO  [AsyncResolver-bootstrap-executor-%d] traceId= spanId= c.n.d.s.r.aws.ConfigClusterResolver : Resolving eureka endpoints via configuration
2026-09-30 17:16:10 INFO  [AsyncResolver-bootstrap-executor-%d] traceId= spanId= c.n.d.s.r.aws.ConfigClusterResolver : Resolving eureka endpoints via configuration
2026-09-30 17:21:10 INFO  [AsyncResolver-bootstrap-executor-%d] traceId= spanId= c.n.d.s.r.aws.ConfigClusterResolver : Resolving eureka endpoints via configuration
2026-09-30 17:25:34 INFO  [springCloudBus.anonymous.3nzGKltuTB2ABJKsOxbQRQ-1] traceId=361d34df8c248674b0445012d117ab82 spanId=77e3470d615fd335 o.s.cloud.bus.event.RefreshListener : Received remote refresh request.
2026-09-30 17:25:34 INFO  [springCloudBus.anonymous.3nzGKltuTB2ABJKsOxbQRQ-1] traceId=361d34df8c248674b0445012d117ab82 spanId=77e3470d615fd335 o.s.c.c.c.ConfigServerConfigDataLoader : Fetching config from server at : http://localhost:8079
2026-09-30 17:25:42 INFO  [springCloudBus.anonymous.3nzGKltuTB2ABJKsOxbQRQ-1] traceId=361d34df8c248674b0445012d117ab82 spanId=77e3470d615fd335 o.s.c.c.c.ConfigServerConfigDataLoader : Located environment: name=cart-order-service, profiles=[default], label=null, version=7eda3c6c09912231c188e8c2fed9f3df69535855, state=
2026-09-30 17:25:42 INFO  [springCloudBus.anonymous.3nzGKltuTB2ABJKsOxbQRQ-1] traceId=361d34df8c248674b0445012d117ab82 spanId=77e3470d615fd335 c.netflix.discovery.DiscoveryClient : Shutting down DiscoveryClient ...
2026-09-30 17:25:45 INFO  [springCloudBus.anonymous.3nzGKltuTB2ABJKsOxbQRQ-1] traceId=361d34df8c248674b0445012d117ab82 spanId=77e3470d615fd335 c.netflix.discovery.DiscoveryClient : Unregistering ...
2026-09-30 17:25:45 INFO  [springCloudBus.anonymous.3nzGKltuTB2ABJKsOxbQRQ-1] traceId=361d34df8c248674b0445012d117ab82 spanId=77e3470d615fd335 c.netflix.discovery.DiscoveryClient : DiscoveryClient_CART-ORDER-SERVICE/10.19.63.112:cart-order-service:8081 - deregister  status: 200
2026-09-30 17:25:45 INFO  [springCloudBus.anonymous.3nzGKltuTB2ABJKsOxbQRQ-1] traceId=361d34df8c248674b0445012d117ab82 spanId=77e3470d615fd335 c.netflix.discovery.DiscoveryClient : Completed shut down of DiscoveryClient
2026-09-30 17:25:45 INFO  [springCloudBus.anonymous.3nzGKltuTB2ABJKsOxbQRQ-1] traceId=361d34df8c248674b0445012d117ab82 spanId=77e3470d615fd335 o.s.c.n.eureka.InstanceInfoFactory : Setting initial instance status as: STARTING
2026-09-30 17:25:45 INFO  [springCloudBus.anonymous.3nzGKltuTB2ABJKsOxbQRQ-1] traceId=361d34df8c248674b0445012d117ab82 spanId=77e3470d615fd335 c.netflix.discovery.DiscoveryClient : Initializing Eureka in region us-east-1
2026-09-30 17:25:45 INFO  [springCloudBus.anonymous.3nzGKltuTB2ABJKsOxbQRQ-1] traceId=361d34df8c248674b0445012d117ab82 spanId=77e3470d615fd335 c.n.d.s.r.aws.ConfigClusterResolver : Resolving eureka endpoints via configuration
2026-09-30 17:25:45 INFO  [springCloudBus.anonymous.3nzGKltuTB2ABJKsOxbQRQ-1] traceId=361d34df8c248674b0445012d117ab82 spanId=77e3470d615fd335 c.netflix.discovery.DiscoveryClient : Disable delta property : false
2026-09-30 17:25:45 INFO  [springCloudBus.anonymous.3nzGKltuTB2ABJKsOxbQRQ-1] traceId=361d34df8c248674b0445012d117ab82 spanId=77e3470d615fd335 c.netflix.discovery.DiscoveryClient : Single vip registry refresh property : null
2026-09-30 17:25:45 INFO  [springCloudBus.anonymous.3nzGKltuTB2ABJKsOxbQRQ-1] traceId=361d34df8c248674b0445012d117ab82 spanId=77e3470d615fd335 c.netflix.discovery.DiscoveryClient : Force full registry fetch : false
2026-09-30 17:25:45 INFO  [springCloudBus.anonymous.3nzGKltuTB2ABJKsOxbQRQ-1] traceId=361d34df8c248674b0445012d117ab82 spanId=77e3470d615fd335 c.netflix.discovery.DiscoveryClient : Application is null : false
2026-09-30 17:25:45 INFO  [springCloudBus.anonymous.3nzGKltuTB2ABJKsOxbQRQ-1] traceId=361d34df8c248674b0445012d117ab82 spanId=77e3470d615fd335 c.netflix.discovery.DiscoveryClient : Registered Applications size is zero : true
2026-09-30 17:25:45 INFO  [springCloudBus.anonymous.3nzGKltuTB2ABJKsOxbQRQ-1] traceId=361d34df8c248674b0445012d117ab82 spanId=77e3470d615fd335 c.netflix.discovery.DiscoveryClient : Application version is -1: true
2026-09-30 17:25:45 INFO  [springCloudBus.anonymous.3nzGKltuTB2ABJKsOxbQRQ-1] traceId=361d34df8c248674b0445012d117ab82 spanId=77e3470d615fd335 c.netflix.discovery.DiscoveryClient : Getting all instance registry info from the eureka server
2026-09-30 17:25:45 INFO  [springCloudBus.anonymous.3nzGKltuTB2ABJKsOxbQRQ-1] traceId=361d34df8c248674b0445012d117ab82 spanId=77e3470d615fd335 c.netflix.discovery.DiscoveryClient : The response status is 200
2026-09-30 17:25:45 INFO  [springCloudBus.anonymous.3nzGKltuTB2ABJKsOxbQRQ-1] traceId=361d34df8c248674b0445012d117ab82 spanId=77e3470d615fd335 c.netflix.discovery.DiscoveryClient : Starting heartbeat executor: renew interval is: 30
2026-09-30 17:25:45 INFO  [springCloudBus.anonymous.3nzGKltuTB2ABJKsOxbQRQ-1] traceId=361d34df8c248674b0445012d117ab82 spanId=77e3470d615fd335 c.n.discovery.InstanceInfoReplicator : InstanceInfoReplicator onDemand update allowed rate per min is 4
2026-09-30 17:25:45 INFO  [springCloudBus.anonymous.3nzGKltuTB2ABJKsOxbQRQ-1] traceId=361d34df8c248674b0445012d117ab82 spanId=77e3470d615fd335 c.netflix.discovery.DiscoveryClient : Discovery Client initialized at timestamp 1790769345382 with initial instances count: 7
2026-09-30 17:25:45 INFO  [springCloudBus.anonymous.3nzGKltuTB2ABJKsOxbQRQ-1] traceId=361d34df8c248674b0445012d117ab82 spanId=77e3470d615fd335 o.s.c.n.e.s.EurekaServiceRegistry : Unregistering application CART-ORDER-SERVICE with eureka with status DOWN
2026-09-30 17:25:45 INFO  [springCloudBus.anonymous.3nzGKltuTB2ABJKsOxbQRQ-1] traceId=361d34df8c248674b0445012d117ab82 spanId=77e3470d615fd335 c.netflix.discovery.DiscoveryClient : Saw local status change event StatusChangeEvent [timestamp=1790769345385, current=DOWN, previous=STARTING]
2026-09-30 17:25:45 INFO  [DiscoveryClient-InstanceInfoReplicator-%d] traceId=361d34df8c248674b0445012d117ab82 spanId=77e3470d615fd335 c.netflix.discovery.DiscoveryClient : DiscoveryClient_CART-ORDER-SERVICE/10.19.63.112:cart-order-service:8081: registering service...
2026-09-30 17:25:45 INFO  [springCloudBus.anonymous.3nzGKltuTB2ABJKsOxbQRQ-1] traceId=361d34df8c248674b0445012d117ab82 spanId=77e3470d615fd335 o.s.c.n.e.s.EurekaServiceRegistry : Registering application CART-ORDER-SERVICE with eureka with status UP
2026-09-30 17:25:45 INFO  [springCloudBus.anonymous.3nzGKltuTB2ABJKsOxbQRQ-1] traceId=361d34df8c248674b0445012d117ab82 spanId=77e3470d615fd335 c.netflix.discovery.DiscoveryClient : Saw local status change event StatusChangeEvent [timestamp=1790769345387, current=UP, previous=DOWN]
2026-09-30 17:25:45 INFO  [springCloudBus.anonymous.3nzGKltuTB2ABJKsOxbQRQ-1] traceId=361d34df8c248674b0445012d117ab82 spanId=77e3470d615fd335 o.s.cloud.bus.event.RefreshListener : Keys refreshed [config.client.version]
2026-09-30 17:25:45 INFO  [DiscoveryClient-InstanceInfoReplicator-%d] traceId=361d34df8c248674b0445012d117ab82 spanId=77e3470d615fd335 c.netflix.discovery.DiscoveryClient : DiscoveryClient_CART-ORDER-SERVICE/10.19.63.112:cart-order-service:8081 - registration status: 204
2026-09-30 17:25:45 INFO  [DiscoveryClient-InstanceInfoReplicator-%d] traceId=361d34df8c248674b0445012d117ab82 spanId=77e3470d615fd335 c.netflix.discovery.DiscoveryClient : DiscoveryClient_CART-ORDER-SERVICE/10.19.63.112:cart-order-service:8081: registering service...
2026-09-30 17:25:45 INFO  [DiscoveryClient-InstanceInfoReplicator-%d] traceId=361d34df8c248674b0445012d117ab82 spanId=77e3470d615fd335 c.netflix.discovery.DiscoveryClient : DiscoveryClient_CART-ORDER-SERVICE/10.19.63.112:cart-order-service:8081 - registration status: 204
2026-09-30 17:25:45 INFO  [springCloudBus.anonymous.3nzGKltuTB2ABJKsOxbQRQ-1] traceId=361d34df8c248674b0445012d117ab82 spanId=77e3470d615fd335 o.s.c.s.m.DirectWithAttributesChannel : Channel 'cart-order-service.springCloudBusOutput' has 1 subscriber(s).
2026-09-30 17:25:45 INFO  [springCloudBus.anonymous.3nzGKltuTB2ABJKsOxbQRQ-1] traceId=361d34df8c248674b0445012d117ab82 spanId=77e3470d615fd335 o.s.a.r.c.CachingConnectionFactory : Attempting to connect to: [localhost:5672]
2026-09-30 17:25:45 INFO  [springCloudBus.anonymous.3nzGKltuTB2ABJKsOxbQRQ-1] traceId=361d34df8c248674b0445012d117ab82 spanId=77e3470d615fd335 o.s.a.r.c.CachingConnectionFactory : Created new connection: rabbitConnectionFactory.publisher#3d3e9425:0/SimpleConnection@6e03295d [delegate=amqp://user@127.0.0.1:5672/, localPort=59992]
2026-09-30 17:25:45 INFO  [springCloudBus.anonymous.3nzGKltuTB2ABJKsOxbQRQ-1] traceId=361d34df8c248674b0445012d117ab82 spanId=77e3470d615fd335 o.s.amqp.rabbit.core.RabbitAdmin : Auto-declaring a non-durable, auto-delete, or exclusive Queue (springCloudBus.anonymous.3nzGKltuTB2ABJKsOxbQRQ) durable:false, auto-delete:true, exclusive:true. It will be redeclared if the broker stops and is restarted while the connection factory is alive, but all messages will be lost.
2026-09-30 17:30:45 INFO  [AsyncResolver-bootstrap-executor-%d] traceId=361d34df8c248674b0445012d117ab82 spanId=77e3470d615fd335 c.n.d.s.r.aws.ConfigClusterResolver : Resolving eureka endpoints via configuration
2026-09-30 17:35:45 INFO  [AsyncResolver-bootstrap-executor-%d] traceId=361d34df8c248674b0445012d117ab82 spanId=77e3470d615fd335 c.n.d.s.r.aws.ConfigClusterResolver : Resolving eureka endpoints via configuration
2026-09-30 17:37:01 INFO  [SpringApplicationShutdownHook] traceId= spanId= o.s.c.n.e.s.EurekaServiceRegistry : Unregistering application CART-ORDER-SERVICE with eureka with status DOWN
2026-09-30 17:37:01 INFO  [SpringApplicationShutdownHook] traceId= spanId= c.netflix.discovery.DiscoveryClient : Saw local status change event StatusChangeEvent [timestamp=1790770021678, current=DOWN, previous=UP]
2026-09-30 17:37:01 INFO  [DiscoveryClient-InstanceInfoReplicator-%d] traceId= spanId= c.netflix.discovery.DiscoveryClient : DiscoveryClient_CART-ORDER-SERVICE/10.19.63.112:cart-order-service:8081: registering service...
2026-09-30 17:37:01 INFO  [DiscoveryClient-InstanceInfoReplicator-%d] traceId= spanId= c.n.d.s.t.d.RedirectingEurekaHttpClient : Request execution error. endpoint=DefaultEndpoint{ serviceUrl='http://localhost:8761/eureka/} exception=I/O error on POST request for "http://localhost:8761/eureka/apps/CART-ORDER-SERVICE": localhost:8761 failed to respond stacktrace=org.springframework.web.client.ResourceAccessException: I/O error on POST request for "http://localhost:8761/eureka/apps/CART-ORDER-SERVICE": localhost:8761 failed to respond
	at org.springframework.web.client.DefaultRestClient$DefaultRequestBodyUriSpec.createResourceAccessException(DefaultRestClient.java:779)
	at org.springframework.web.client.DefaultRestClient$DefaultRequestBodyUriSpec.exchangeInternal(DefaultRestClient.java:624)
	at org.springframework.web.client.DefaultRestClient$DefaultRequestBodyUriSpec.exchange(DefaultRestClient.java:572)
	at org.springframework.web.client.RestClient$RequestHeadersSpec.exchange(RestClient.java:747)
	at org.springframework.web.client.DefaultRestClient$DefaultResponseSpec.executeAndExtract(DefaultRestClient.java:924)
	at org.springframework.web.client.DefaultRestClient$DefaultResponseSpec.toBodilessEntity(DefaultRestClient.java:888)
	at org.springframework.cloud.netflix.eureka.http.RestClientEurekaHttpClient.register(RestClientEurekaHttpClient.java:64)
	at com.netflix.discovery.shared.transport.decorator.EurekaHttpClientDecorator$1.execute(EurekaHttpClientDecorator.java:59)
	at com.netflix.discovery.shared.transport.decorator.RedirectingEurekaHttpClient.execute(RedirectingEurekaHttpClient.java:91)
	at com.netflix.discovery.shared.transport.decorator.EurekaHttpClientDecorator.register(EurekaHttpClientDecorator.java:56)
	at com.netflix.discovery.shared.transport.decorator.EurekaHttpClientDecorator$1.execute(EurekaHttpClientDecorator.java:59)
	at com.netflix.discovery.shared.transport.decorator.RetryableEurekaHttpClient.execute(RetryableEurekaHttpClient.java:120)
	at com.netflix.discovery.shared.transport.decorator.EurekaHttpClientDecorator.register(EurekaHttpClientDecorator.java:56)
	at com.netflix.discovery.shared.transport.decorator.EurekaHttpClientDecorator$1.execute(EurekaHttpClientDecorator.java:59)
	at com.netflix.discovery.shared.transport.decorator.SessionedEurekaHttpClient.execute(SessionedEurekaHttpClient.java:76)
	at com.netflix.discovery.shared.transport.decorator.EurekaHttpClientDecorator.register(EurekaHttpClientDecorator.java:56)
	at com.netflix.discovery.DiscoveryClient.register(DiscoveryClient.java:828)
	at com.netflix.discovery.InstanceInfoReplicator.run(InstanceInfoReplicator.java:125)
	at com.netflix.discovery.InstanceInfoReplicator$2.run(InstanceInfoReplicator.java:105)
	at java.base/java.util.concurrent.Executors$RunnableAdapter.call(Executors.java:545)
	at java.base/java.util.concurrent.FutureTask.run(FutureTask.java:328)
	at java.base/java.util.concurrent.ScheduledThreadPoolExecutor$ScheduledFutureTask.run(ScheduledThreadPoolExecutor.java:309)
	at java.base/java.util.concurrent.ThreadPoolExecutor.runWorker(ThreadPoolExecutor.java:1090)
	at java.base/java.util.concurrent.ThreadPoolExecutor$Worker.run(ThreadPoolExecutor.java:614)
	at java.base/java.lang.Thread.run(Thread.java:1474)
Caused by: org.apache.hc.core5.http.NoHttpResponseException: localhost:8761 failed to respond
	at org.apache.hc.core5.http.impl.io.DefaultBHttpClientConnection.receiveResponseHeader(DefaultBHttpClientConnection.java:333)
	at org.apache.hc.core5.http.impl.io.HttpRequestExecutor.execute(HttpRequestExecutor.java:196)
	at org.apache.hc.client5.http.impl.classic.InternalExecRuntime.lambda$execute$0(InternalExecRuntime.java:236)
	at org.apache.hc.client5.http.impl.io.PoolingHttpClientConnectionManager$InternalConnectionEndpoint.execute(PoolingHttpClientConnectionManager.java:798)
	at org.apache.hc.client5.http.impl.classic.InternalExecRuntime.execute(InternalExecRuntime.java:233)
	at org.apache.hc.client5.http.impl.classic.MainClientExec.execute(MainClientExec.java:120)
	at org.apache.hc.client5.http.impl.classic.ExecChainElement.execute(ExecChainElement.java:51)
	at org.apache.hc.client5.http.impl.classic.ConnectExec.execute(ConnectExec.java:200)
	at org.apache.hc.client5.http.impl.classic.ExecChainElement.execute(ExecChainElement.java:51)
	at org.apache.hc.client5.http.impl.classic.ProtocolExec.execute(ProtocolExec.java:195)
	at org.apache.hc.client5.http.impl.classic.ExecChainElement.execute(ExecChainElement.java:51)
	at org.apache.hc.client5.http.impl.classic.ContentCompressionExec.execute(ContentCompressionExec.java:168)
	at org.apache.hc.client5.http.impl.classic.ExecChainElement.execute(ExecChainElement.java:51)
	at org.apache.hc.client5.http.impl.classic.HttpRequestRetryExec.execute(HttpRequestRetryExec.java:112)
	at org.apache.hc.client5.http.impl.classic.ExecChainElement.execute(ExecChainElement.java:51)
	at org.apache.hc.client5.http.impl.classic.RedirectExec.execute(RedirectExec.java:110)
	at org.apache.hc.client5.http.impl.classic.ExecChainElement.execute(ExecChainElement.java:51)
	at org.apache.hc.client5.http.impl.classic.InternalHttpClient.doExecute(InternalHttpClient.java:185)
	at org.apache.hc.client5.http.impl.classic.CloseableHttpClient.execute(CloseableHttpClient.java:87)
	at org.apache.hc.client5.http.impl.classic.CloseableHttpClient.execute(CloseableHttpClient.java:55)
	at org.apache.hc.client5.http.classic.HttpClient.executeOpen(HttpClient.java:183)
	at org.springframework.http.client.HttpComponentsClientHttpRequest.executeInternal(HttpComponentsClientHttpRequest.java:99)
	at org.springframework.http.client.AbstractStreamingClientHttpRequest.executeInternal(AbstractStreamingClientHttpRequest.java:87)
	at org.springframework.http.client.AbstractClientHttpRequest.execute(AbstractClientHttpRequest.java:80)
	at org.springframework.http.client.AbstractBufferingClientHttpRequest.executeWithRequestAndBody(AbstractBufferingClientHttpRequest.java:89)
	at org.springframework.http.client.InterceptingClientHttpRequest$EndOfChainRequestExecution.execute(InterceptingClientHttpRequest.java:102)
	at org.springframework.cloud.netflix.eureka.http.RestClientTransportClientFactory.lambda$newClient$2(RestClientTransportClientFactory.java:98)
	at org.springframework.http.client.ClientHttpRequestInterceptor.lambda$apply$0(ClientHttpRequestInterceptor.java:89)
	at org.springframework.http.client.InterceptingClientHttpRequest.executeInternal(InterceptingClientHttpRequest.java:73)
	at org.springframework.http.client.AbstractBufferingClientHttpRequest.executeInternal(AbstractBufferingClientHttpRequest.java:50)
	at org.springframework.http.client.AbstractClientHttpRequest.execute(AbstractClientHttpRequest.java:80)
	at org.springframework.web.client.DefaultRestClient$DefaultRequestBodyUriSpec.exchangeInternal(DefaultRestClient.java:614)
	... 23 more

2026-09-30 17:37:01 WARN  [DiscoveryClient-InstanceInfoReplicator-%d] traceId= spanId= c.n.d.s.t.d.RetryableEurekaHttpClient : Request execution failed with message: I/O error on POST request for "http://localhost:8761/eureka/apps/CART-ORDER-SERVICE": localhost:8761 failed to respond
2026-09-30 17:37:01 INFO  [org.springframework.kafka.KafkaListenerEndpointContainer#0-0-C-1] traceId= spanId= o.a.k.c.c.i.ConsumerRebalanceListenerInvoker : [Consumer clientId=consumer-order-group-1, groupId=order-group] Revoke previously assigned partitions [PAYMENT_EVENT-0]
2026-09-30 17:37:01 INFO  [org.springframework.kafka.KafkaListenerEndpointContainer#0-0-C-1] traceId= spanId= o.s.k.l.KafkaMessageListenerContainer : order-group: partitions revoked: [PAYMENT_EVENT-0]
2026-09-30 17:37:01 INFO  [DiscoveryClient-InstanceInfoReplicator-%d] traceId= spanId= c.n.d.s.t.d.RedirectingEurekaHttpClient : Request execution error. endpoint=DefaultEndpoint{ serviceUrl='http://localhost:8761/eureka/}, exception=I/O error on POST request for "http://localhost:8761/eureka/apps/CART-ORDER-SERVICE": Connect to http://localhost:8761 failed: Connection refused stacktrace=org.springframework.web.client.ResourceAccessException: I/O error on POST request for "http://localhost:8761/eureka/apps/CART-ORDER-SERVICE": Connect to http://localhost:8761 failed: Connection refused
	at org.springframework.web.client.DefaultRestClient$DefaultRequestBodyUriSpec.createResourceAccessException(DefaultRestClient.java:779)
	at org.springframework.web.client.DefaultRestClient$DefaultRequestBodyUriSpec.exchangeInternal(DefaultRestClient.java:624)
	at org.springframework.web.client.DefaultRestClient$DefaultRequestBodyUriSpec.exchange(DefaultRestClient.java:572)
	at org.springframework.web.client.RestClient$RequestHeadersSpec.exchange(RestClient.java:747)
	at org.springframework.web.client.DefaultRestClient$DefaultResponseSpec.executeAndExtract(DefaultRestClient.java:924)
	at org.springframework.web.client.DefaultRestClient$DefaultResponseSpec.toBodilessEntity(DefaultRestClient.java:888)
	at org.springframework.cloud.netflix.eureka.http.RestClientEurekaHttpClient.register(RestClientEurekaHttpClient.java:64)
	at com.netflix.discovery.shared.transport.decorator.EurekaHttpClientDecorator$1.execute(EurekaHttpClientDecorator.java:59)
	at com.netflix.discovery.shared.transport.decorator.RedirectingEurekaHttpClient.executeOnNewServer(RedirectingEurekaHttpClient.java:121)
	at com.netflix.discovery.shared.transport.decorator.RedirectingEurekaHttpClient.execute(RedirectingEurekaHttpClient.java:80)
	at com.netflix.discovery.shared.transport.decorator.EurekaHttpClientDecorator.register(EurekaHttpClientDecorator.java:56)
	at com.netflix.discovery.shared.transport.decorator.EurekaHttpClientDecorator$1.execute(EurekaHttpClientDecorator.java:59)
	at com.netflix.discovery.shared.transport.decorator.RetryableEurekaHttpClient.execute(RetryableEurekaHttpClient.java:120)
	at com.netflix.discovery.shared.transport.decorator.EurekaHttpClientDecorator.register(EurekaHttpClientDecorator.java:56)
	at com.netflix.discovery.shared.transport.decorator.EurekaHttpClientDecorator$1.execute(EurekaHttpClientDecorator.java:59)
	at com.netflix.discovery.shared.transport.decorator.SessionedEurekaHttpClient.execute(SessionedEurekaHttpClient.java:76)
	at com.netflix.discovery.shared.transport.decorator.EurekaHttpClientDecorator.register(EurekaHttpClientDecorator.java:56)
	at com.netflix.discovery.DiscoveryClient.register(DiscoveryClient.java:828)
	at com.netflix.discovery.InstanceInfoReplicator.run(InstanceInfoReplicator.java:125)
	at com.netflix.discovery.InstanceInfoReplicator$2.run(InstanceInfoReplicator.java:105)
	at java.base/java.util.concurrent.Executors$RunnableAdapter.call(Executors.java:545)
	at java.base/java.util.concurrent.FutureTask.run(FutureTask.java:328)
	at java.base/java.util.concurrent.ScheduledThreadPoolExecutor$ScheduledFutureTask.run(ScheduledThreadPoolExecutor.java:309)
	at java.base/java.util.concurrent.ThreadPoolExecutor.runWorker(ThreadPoolExecutor.java:1090)
	at java.base/java.util.concurrent.ThreadPoolExecutor$Worker.run(ThreadPoolExecutor.java:614)
	at java.base/java.lang.Thread.run(Thread.java:1474)
Caused by: org.apache.hc.client5.http.HttpHostConnectException: Connect to http://localhost:8761 failed: Connection refused
	at java.base/sun.nio.ch.Net.pollConnect(Native Method)
	at java.base/sun.nio.ch.Net.pollConnectNow(Net.java:639)
	at java.base/sun.nio.ch.NioSocketImpl.timedFinishConnect(NioSocketImpl.java:550)
	at java.base/sun.nio.ch.NioSocketImpl.connect(NioSocketImpl.java:594)
	at java.base/java.net.SocksSocketImpl.connect(SocksSocketImpl.java:284)
	at java.base/java.net.Socket.connect(Socket.java:659)
	at org.apache.hc.client5.http.impl.io.DefaultHttpClientConnectionOperator.connect(DefaultHttpClientConnectionOperator.java:226)
	at org.apache.hc.client5.http.impl.io.PoolingHttpClientConnectionManager.connect(PoolingHttpClientConnectionManager.java:497)
	at org.apache.hc.client5.http.impl.classic.InternalExecRuntime.connectEndpoint(InternalExecRuntime.java:164)
	at org.apache.hc.client5.http.impl.classic.InternalExecRuntime.connectEndpoint(InternalExecRuntime.java:174)
	at org.apache.hc.client5.http.impl.classic.ConnectExec.execute(ConnectExec.java:144)
	at org.apache.hc.client5.http.impl.classic.ExecChainElement.execute(ExecChainElement.java:51)
	at org.apache.hc.client5.http.impl.classic.ProtocolExec.execute(ProtocolExec.java:195)
	at org.apache.hc.client5.http.impl.classic.ExecChainElement.execute(ExecChainElement.java:51)
	at org.apache.hc.client5.http.impl.classic.ContentCompressionExec.execute(ContentCompressionExec.java:168)
	at org.apache.hc.client5.http.impl.classic.ExecChainElement.execute(ExecChainElement.java:51)
	at org.apache.hc.client5.http.impl.classic.HttpRequestRetryExec.execute(HttpRequestRetryExec.java:112)
	at org.apache.hc.client5.http.impl.classic.ExecChainElement.execute(ExecChainElement.java:51)
	at org.apache.hc.client5.http.impl.classic.RedirectExec.execute(RedirectExec.java:110)
	at org.apache.hc.client5.http.impl.classic.ExecChainElement.execute(ExecChainElement.java:51)
	at org.apache.hc.client5.http.impl.classic.InternalHttpClient.doExecute(InternalHttpClient.java:185)
	at org.apache.hc.client5.http.impl.classic.CloseableHttpClient.execute(CloseableHttpClient.java:87)
	at org.apache.hc.client5.http.impl.classic.CloseableHttpClient.execute(CloseableHttpClient.java:55)
	at org.apache.hc.client5.http.classic.HttpClient.executeOpen(HttpClient.java:183)
	at org.springframework.http.client.HttpComponentsClientHttpRequest.executeInternal(HttpComponentsClientHttpRequest.java:99)
	at org.springframework.http.client.AbstractStreamingClientHttpRequest.executeInternal(AbstractStreamingClientHttpRequest.java:87)
	at org.springframework.http.client.AbstractClientHttpRequest.execute(AbstractClientHttpRequest.java:80)
	at org.springframework.http.client.AbstractBufferingClientHttpRequest.executeWithRequestAndBody(AbstractBufferingClientHttpRequest.java:89)
	at org.springframework.http.client.InterceptingClientHttpRequest$EndOfChainRequestExecution.execute(InterceptingClientHttpRequest.java:102)
	at org.springframework.cloud.netflix.eureka.http.RestClientTransportClientFactory.lambda$newClient$2(RestClientTransportClientFactory.java:98)
	at org.springframework.http.client.ClientHttpRequestInterceptor.lambda$apply$0(ClientHttpRequestInterceptor.java:89)
	at org.springframework.http.client.InterceptingClientHttpRequest.executeInternal(InterceptingClientHttpRequest.java:73)
	at org.springframework.http.client.AbstractBufferingClientHttpRequest.executeInternal(AbstractBufferingClientHttpRequest.java:50)
	at org.springframework.http.client.AbstractClientHttpRequest.execute(AbstractClientHttpRequest.java:80)
	at org.springframework.web.client.DefaultRestClient$DefaultRequestBodyUriSpec.exchangeInternal(DefaultRestClient.java:614)
	... 24 more

2026-09-30 17:37:01 WARN  [DiscoveryClient-InstanceInfoReplicator-%d] traceId= spanId= c.n.d.s.t.d.RetryableEurekaHttpClient : Request execution failed with message: I/O error on POST request for "http://localhost:8761/eureka/apps/CART-ORDER-SERVICE": Connect to http://localhost:8761 failed: Connection refused
2026-09-30 17:37:01 INFO  [org.springframework.kafka.KafkaListenerEndpointContainer#0-0-C-1] traceId= spanId= o.a.k.c.c.i.ConsumerCoordinator : [Consumer clientId=consumer-order-group-1, groupId=order-group] Member consumer-order-group-1-aac7703f-d0c4-4d4b-95f8-6563ae39d3c7 sending LeaveGroup request to coordinator localhost:9092 (id: 2147483646 rack: null isFenced: false) due to the consumer unsubscribed from all topics
2026-09-30 17:37:01 INFO  [org.springframework.kafka.KafkaListenerEndpointContainer#0-0-C-1] traceId= spanId= o.a.k.c.c.i.ConsumerCoordinator : [Consumer clientId=consumer-order-group-1, groupId=order-group] Resetting generation and member id due to: consumer pro-actively leaving the group
2026-09-30 17:37:01 INFO  [org.springframework.kafka.KafkaListenerEndpointContainer#0-0-C-1] traceId= spanId= o.a.k.c.c.i.ConsumerCoordinator : [Consumer clientId=consumer-order-group-1, groupId=order-group] Request joining group due to: consumer pro-actively leaving the group
2026-09-30 17:37:01 INFO  [org.springframework.kafka.KafkaListenerEndpointContainer#0-0-C-1] traceId= spanId= o.a.k.c.c.i.ClassicKafkaConsumer : [Consumer clientId=consumer-order-group-1, groupId=order-group] Unsubscribed all topics or patterns and assigned partitions
2026-09-30 17:37:01 WARN  [DiscoveryClient-InstanceInfoReplicator-%d] traceId= spanId= c.netflix.discovery.DiscoveryClient : DiscoveryClient_CART-ORDER-SERVICE/10.19.63.112:cart-order-service:8081 - registration failed Cannot execute request on any known server
com.netflix.discovery.shared.transport.TransportException: Cannot execute request on any known server
	at com.netflix.discovery.shared.transport.decorator.RetryableEurekaHttpClient.execute(RetryableEurekaHttpClient.java:112)
	at com.netflix.discovery.shared.transport.decorator.EurekaHttpClientDecorator.register(EurekaHttpClientDecorator.java:56)
	at com.netflix.discovery.shared.transport.decorator.EurekaHttpClientDecorator$1.execute(EurekaHttpClientDecorator.java:59)
	at com.netflix.discovery.shared.transport.decorator.SessionedEurekaHttpClient.execute(SessionedEurekaHttpClient.java:76)
	at com.netflix.discovery.shared.transport.decorator.EurekaHttpClientDecorator.register(EurekaHttpClientDecorator.java:56)
	at com.netflix.discovery.DiscoveryClient.register(DiscoveryClient.java:828)
	at com.netflix.discovery.InstanceInfoReplicator.run(InstanceInfoReplicator.java:125)
	at com.netflix.discovery.InstanceInfoReplicator$2.run(InstanceInfoReplicator.java:105)
	at java.base/java.util.concurrent.Executors$RunnableAdapter.call(Executors.java:545)
	at java.base/java.util.concurrent.FutureTask.run(FutureTask.java:328)
	at java.base/java.util.concurrent.ScheduledThreadPoolExecutor$ScheduledFutureTask.run(ScheduledThreadPoolExecutor.java:309)
	at java.base/java.util.concurrent.ThreadPoolExecutor.runWorker(ThreadPoolExecutor.java:1090)
	at java.base/java.util.concurrent.ThreadPoolExecutor$Worker.run(ThreadPoolExecutor.java:614)
	at java.base/java.lang.Thread.run(Thread.java:1474)
2026-09-30 17:37:01 WARN  [DiscoveryClient-InstanceInfoReplicator-%d] traceId= spanId= c.n.discovery.InstanceInfoReplicator : There was a problem with the instance info replicator
com.netflix.discovery.shared.transport.TransportException: Cannot execute request on any known server
	at com.netflix.discovery.shared.transport.decorator.RetryableEurekaHttpClient.execute(RetryableEurekaHttpClient.java:112)
	at com.netflix.discovery.shared.transport.decorator.EurekaHttpClientDecorator.register(EurekaHttpClientDecorator.java:56)
	at com.netflix.discovery.shared.transport.decorator.EurekaHttpClientDecorator$1.execute(EurekaHttpClientDecorator.java:59)
	at com.netflix.discovery.shared.transport.decorator.SessionedEurekaHttpClient.execute(SessionedEurekaHttpClient.java:76)
	at com.netflix.discovery.shared.transport.decorator.EurekaHttpClientDecorator.register(EurekaHttpClientDecorator.java:56)
	at com.netflix.discovery.DiscoveryClient.register(DiscoveryClient.java:828)
	at com.netflix.discovery.InstanceInfoReplicator.run(InstanceInfoReplicator.java:125)
	at com.netflix.discovery.InstanceInfoReplicator$2.run(InstanceInfoReplicator.java:105)
	at java.base/java.util.concurrent.Executors$RunnableAdapter.call(Executors.java:545)
	at java.base/java.util.concurrent.FutureTask.run(FutureTask.java:328)
	at java.base/java.util.concurrent.ScheduledThreadPoolExecutor$ScheduledFutureTask.run(ScheduledThreadPoolExecutor.java:309)
	at java.base/java.util.concurrent.ThreadPoolExecutor.runWorker(ThreadPoolExecutor.java:1090)
	at java.base/java.util.concurrent.ThreadPoolExecutor$Worker.run(ThreadPoolExecutor.java:614)
	at java.base/java.lang.Thread.run(Thread.java:1474)
2026-09-30 17:37:01 INFO  [org.springframework.kafka.KafkaListenerEndpointContainer#0-0-C-1] traceId= spanId= o.a.k.c.c.i.ConsumerCoordinator : [Consumer clientId=consumer-order-group-1, groupId=order-group] Resetting generation and member id due to: consumer pro-actively leaving the group
2026-09-30 17:37:01 INFO  [org.springframework.kafka.KafkaListenerEndpointContainer#0-0-C-1] traceId= spanId= o.a.k.c.c.i.ConsumerCoordinator : [Consumer clientId=consumer-order-group-1, groupId=order-group] Request joining group due to: consumer pro-actively leaving the group
2026-09-30 17:37:02 INFO  [org.springframework.kafka.KafkaListenerEndpointContainer#0-0-C-1] traceId= spanId= o.a.kafka.common.metrics.Metrics : Metrics scheduler closed
2026-09-30 17:37:02 INFO  [org.springframework.kafka.KafkaListenerEndpointContainer#0-0-C-1] traceId= spanId= o.a.kafka.common.metrics.Metrics : Closing reporter io.opentelemetry.javaagent.shaded.instrumentation.kafkaclients.common.v0_11.internal.OpenTelemetryMetricsReporter
2026-09-30 17:37:02 INFO  [org.springframework.kafka.KafkaListenerEndpointContainer#0-0-C-1] traceId= spanId= o.a.kafka.common.metrics.Metrics : Closing reporter org.apache.kafka.common.telemetry.internals.ClientTelemetryReporter
2026-09-30 17:37:02 INFO  [org.springframework.kafka.KafkaListenerEndpointContainer#0-0-C-1] traceId= spanId= o.a.kafka.common.metrics.Metrics : Metrics reporters closed
2026-09-30 17:37:02 INFO  [org.springframework.kafka.KafkaListenerEndpointContainer#0-0-C-1] traceId= spanId= o.a.kafka.common.utils.AppInfoParser : App info kafka.consumer for consumer-order-group-1 unregistered
2026-09-30 17:37:02 INFO  [org.springframework.kafka.KafkaListenerEndpointContainer#0-0-C-1] traceId= spanId= o.s.k.l.KafkaMessageListenerContainer : order-group: Consumer stopped
2026-09-30 17:37:02 INFO  [SpringApplicationShutdownHook] traceId= spanId= o.s.boot.tomcat.GracefulShutdown : Commencing graceful shutdown. Waiting for active requests to complete
2026-09-30 17:37:04 INFO  [tomcat-shutdown] traceId= spanId= o.s.boot.tomcat.GracefulShutdown : Graceful shutdown complete
2026-09-30 17:37:04 INFO  [SpringApplicationShutdownHook] traceId= spanId= o.s.a.r.l.SimpleMessageListenerContainer : Waiting for workers to finish.
2026-09-30 17:37:05 INFO  [SpringApplicationShutdownHook] traceId= spanId= o.s.a.r.l.SimpleMessageListenerContainer : Successfully waited for workers to finish.
2026-09-30 17:37:05 INFO  [SpringApplicationShutdownHook] traceId= spanId= o.s.i.a.i.AmqpInboundChannelAdapter : stopped bean 'inbound.springCloudBus.anonymous.3nzGKltuTB2ABJKsOxbQRQ'
2026-09-30 17:37:05 INFO  [SpringApplicationShutdownHook] traceId= spanId= o.s.c.s.binder.BinderErrorChannel : Channel 'cart-order-service.rabbit-1847163182.springCloudBusInput.errors' has 1 subscriber(s).
2026-09-30 17:37:05 INFO  [SpringApplicationShutdownHook] traceId= spanId= o.s.c.s.binder.BinderErrorChannel : Channel 'cart-order-service.rabbit-1847163182.springCloudBusInput.errors' has 0 subscriber(s).
2026-09-30 17:37:05 INFO  [SpringApplicationShutdownHook] traceId= spanId= o.s.i.endpoint.EventDrivenConsumer : Removing {logging-channel-adapter:_org.springframework.integration.errorLogger} as a subscriber to the 'errorChannel' channel
2026-09-30 17:37:05 INFO  [SpringApplicationShutdownHook] traceId= spanId= o.s.i.c.PublishSubscribeChannel : Channel 'cart-order-service.errorChannel' has 0 subscriber(s).
2026-09-30 17:37:05 INFO  [SpringApplicationShutdownHook] traceId= spanId= o.s.i.endpoint.EventDrivenConsumer : stopped bean '_org.springframework.integration.errorLogger'
2026-09-30 17:37:05 INFO  [SpringApplicationShutdownHook] traceId= spanId= o.s.o.j.LocalContainerEntityManagerFactoryBean : Closing JPA EntityManagerFactory for persistence unit 'default'
2026-09-30 17:37:05 INFO  [SpringApplicationShutdownHook] traceId= spanId= com.zaxxer.hikari.HikariDataSource : HikariPool-1 - Shutdown initiated...
2026-09-30 17:37:05 INFO  [SpringApplicationShutdownHook] traceId= spanId= com.zaxxer.hikari.HikariDataSource : HikariPool-1 - Shutdown completed.
2026-09-30 17:37:05 INFO  [SpringApplicationShutdownHook] traceId= spanId= c.netflix.discovery.DiscoveryClient : Shutting down DiscoveryClient ...
2026-09-30 17:37:08 INFO  [SpringApplicationShutdownHook] traceId= spanId= c.netflix.discovery.DiscoveryClient : Unregistering ...
2026-09-30 17:37:08 INFO  [SpringApplicationShutdownHook] traceId= spanId= c.n.d.s.t.d.RedirectingEurekaHttpClient : Request execution error. endpoint=DefaultEndpoint{ serviceUrl='http://localhost:8761/eureka/}, exception=I/O error on DELETE request for "http://localhost:8761/eureka/apps/CART-ORDER-SERVICE/10.19.63.112:cart-order-service:8081": Connect to http://localhost:8761 failed: Connection refused stacktrace=org.springframework.web.client.ResourceAccessException: I/O error on DELETE request for "http://localhost:8761/eureka/apps/CART-ORDER-SERVICE/10.19.63.112:cart-order-service:8081": Connect to http://localhost:8761 failed: Connection refused
	at org.springframework.web.client.DefaultRestClient$DefaultRequestBodyUriSpec.createResourceAccessException(DefaultRestClient.java:779)
	at org.springframework.web.client.DefaultRestClient$DefaultRequestBodyUriSpec.exchangeInternal(DefaultRestClient.java:624)
	at org.springframework.web.client.DefaultRestClient$DefaultRequestBodyUriSpec.exchange(DefaultRestClient.java:572)
	at org.springframework.web.client.RestClient$RequestHeadersSpec.exchange(RestClient.java:747)
	at org.springframework.web.client.DefaultRestClient$DefaultResponseSpec.executeAndExtract(DefaultRestClient.java:924)
	at org.springframework.web.client.DefaultRestClient$DefaultResponseSpec.toBodilessEntity(DefaultRestClient.java:888)
	at org.springframework.cloud.netflix.eureka.http.RestClientEurekaHttpClient.cancel(RestClientEurekaHttpClient.java:73)
	at com.netflix.discovery.shared.transport.decorator.EurekaHttpClientDecorator$2.execute(EurekaHttpClientDecorator.java:74)
	at com.netflix.discovery.shared.transport.decorator.RedirectingEurekaHttpClient.executeOnNewServer(RedirectingEurekaHttpClient.java:121)
	at com.netflix.discovery.shared.transport.decorator.RedirectingEurekaHttpClient.execute(RedirectingEurekaHttpClient.java:80)
	at com.netflix.discovery.shared.transport.decorator.EurekaHttpClientDecorator.cancel(EurekaHttpClientDecorator.java:71)
	at com.netflix.discovery.shared.transport.decorator.EurekaHttpClientDecorator$2.execute(EurekaHttpClientDecorator.java:74)
	at com.netflix.discovery.shared.transport.decorator.RetryableEurekaHttpClient.execute(RetryableEurekaHttpClient.java:120)
	at com.netflix.discovery.shared.transport.decorator.EurekaHttpClientDecorator.cancel(EurekaHttpClientDecorator.java:71)
	at com.netflix.discovery.shared.transport.decorator.EurekaHttpClientDecorator$2.execute(EurekaHttpClientDecorator.java:74)
	at com.netflix.discovery.shared.transport.decorator.SessionedEurekaHttpClient.execute(SessionedEurekaHttpClient.java:76)
	at com.netflix.discovery.shared.transport.decorator.EurekaHttpClientDecorator.cancel(EurekaHttpClientDecorator.java:71)
	at com.netflix.discovery.DiscoveryClient.unregister(DiscoveryClient.java:919)
	at com.netflix.discovery.DiscoveryClient.shutdown(DiscoveryClient.java:900)
	at java.base/jdk.internal.reflect.DirectMethodHandleAccessor.invoke(DirectMethodHandleAccessor.java:104)
	at java.base/java.lang.reflect.Method.invoke(Method.java:565)
	at org.springframework.beans.factory.annotation.InitDestroyAnnotationBeanPostProcessor$LifecycleMethod.invoke(InitDestroyAnnotationBeanPostProcessor.java:453)
	at org.springframework.beans.factory.annotation.InitDestroyAnnotationBeanPostProcessor$LifecycleMetadata.invokeDestroyMethods(InitDestroyAnnotationBeanPostProcessor.java:411)
	at org.springframework.beans.factory.annotation.InitDestroyAnnotationBeanPostProcessor.postProcessBeforeDestruction(InitDestroyAnnotationBeanPostProcessor.java:237)
	at org.springframework.beans.factory.support.DisposableBeanAdapter.destroy(DisposableBeanAdapter.java:200)
	at org.springframework.beans.factory.support.DisposableBeanAdapter.run(DisposableBeanAdapter.java:193)
	at org.springframework.cloud.context.scope.GenericScope$BeanLifecycleWrapper.destroy(GenericScope.java:387)
	at org.springframework.cloud.context.scope.GenericScope.destroy(GenericScope.java:134)
	at org.springframework.beans.factory.support.DisposableBeanAdapter.destroy(DisposableBeanAdapter.java:209)
	at org.springframework.beans.factory.support.DefaultSingletonBeanRegistry.destroyBean(DefaultSingletonBeanRegistry.java:795)
	at org.springframework.beans.factory.support.DefaultSingletonBeanRegistry.destroySingleton(DefaultSingletonBeanRegistry.java:745)
	at org.springframework.beans.factory.support.DefaultListableBeanFactory.destroySingleton(DefaultListableBeanFactory.java:1500)
	at org.springframework.beans.factory.support.DefaultSingletonBeanRegistry.destroySingletons(DefaultSingletonBeanRegistry.java:704)
	at org.springframework.beans.factory.support.DefaultListableBeanFactory.destroySingletons(DefaultListableBeanFactory.java:1493)
	at org.springframework.context.support.AbstractApplicationContext.destroyBeans(AbstractApplicationContext.java:1246)
	at org.springframework.context.support.AbstractApplicationContext.doClose(AbstractApplicationContext.java:1207)
	at org.springframework.boot.web.server.servlet.context.ServletWebServerApplicationContext.doClose(ServletWebServerApplicationContext.java:176)
	at org.springframework.context.support.AbstractApplicationContext.close(AbstractApplicationContext.java:1153)
	at org.springframework.boot.SpringApplicationShutdownHook.closeAndWait(SpringApplicationShutdownHook.java:147)
	at java.base/java.lang.Iterable.forEach(Iterable.java:75)
	at org.springframework.boot.SpringApplicationShutdownHook.run(SpringApplicationShutdownHook.java:116)
	at java.base/java.lang.Thread.run(Thread.java:1474)
Caused by: org.apache.hc.client5.http.HttpHostConnectException: Connect to http://localhost:8761 failed: Connection refused
	at java.base/sun.nio.ch.Net.pollConnect(Native Method)
	at java.base/sun.nio.ch.Net.pollConnectNow(Net.java:639)
	at java.base/sun.nio.ch.NioSocketImpl.timedFinishConnect(NioSocketImpl.java:550)
	at java.base/sun.nio.ch.NioSocketImpl.connect(NioSocketImpl.java:594)
	at java.base/java.net.SocksSocketImpl.connect(SocksSocketImpl.java:284)
	at java.base/java.net.Socket.connect(Socket.java:659)
	at org.apache.hc.client5.http.impl.io.DefaultHttpClientConnectionOperator.connect(DefaultHttpClientConnectionOperator.java:226)
	at org.apache.hc.client5.http.impl.io.PoolingHttpClientConnectionManager.connect(PoolingHttpClientConnectionManager.java:497)
	at org.apache.hc.client5.http.impl.classic.InternalExecRuntime.connectEndpoint(InternalExecRuntime.java:164)
	at org.apache.hc.client5.http.impl.classic.InternalExecRuntime.connectEndpoint(InternalExecRuntime.java:174)
	at org.apache.hc.client5.http.impl.classic.ConnectExec.execute(ConnectExec.java:144)
	at org.apache.hc.client5.http.impl.classic.ExecChainElement.execute(ExecChainElement.java:51)
	at org.apache.hc.client5.http.impl.classic.ProtocolExec.execute(ProtocolExec.java:195)
	at org.apache.hc.client5.http.impl.classic.ExecChainElement.execute(ExecChainElement.java:51)
	at org.apache.hc.client5.http.impl.classic.ContentCompressionExec.execute(ContentCompressionExec.java:168)
	at org.apache.hc.client5.http.impl.classic.ExecChainElement.execute(ExecChainElement.java:51)
	at org.apache.hc.client5.http.impl.classic.HttpRequestRetryExec.execute(HttpRequestRetryExec.java:112)
	at org.apache.hc.client5.http.impl.classic.ExecChainElement.execute(ExecChainElement.java:51)
	at org.apache.hc.client5.http.impl.classic.RedirectExec.execute(RedirectExec.java:110)
	at org.apache.hc.client5.http.impl.classic.ExecChainElement.execute(ExecChainElement.java:51)
	at org.apache.hc.client5.http.impl.classic.InternalHttpClient.doExecute(InternalHttpClient.java:185)
	at org.apache.hc.client5.http.impl.classic.CloseableHttpClient.execute(CloseableHttpClient.java:87)
	at org.apache.hc.client5.http.impl.classic.CloseableHttpClient.execute(CloseableHttpClient.java:55)
	at org.apache.hc.client5.http.classic.HttpClient.executeOpen(HttpClient.java:183)
	at org.springframework.http.client.HttpComponentsClientHttpRequest.executeInternal(HttpComponentsClientHttpRequest.java:99)
	at org.springframework.http.client.AbstractStreamingClientHttpRequest.executeInternal(AbstractStreamingClientHttpRequest.java:87)
	at org.springframework.http.client.AbstractClientHttpRequest.execute(AbstractClientHttpRequest.java:80)
	at org.springframework.http.client.AbstractBufferingClientHttpRequest.executeWithRequestAndBody(AbstractBufferingClientHttpRequest.java:89)
	at org.springframework.http.client.InterceptingClientHttpRequest$EndOfChainRequestExecution.execute(InterceptingClientHttpRequest.java:102)
	at org.springframework.cloud.netflix.eureka.http.RestClientTransportClientFactory.lambda$newClient$2(RestClientTransportClientFactory.java:98)
	at org.springframework.http.client.ClientHttpRequestInterceptor.lambda$apply$0(ClientHttpRequestInterceptor.java:89)
	at org.springframework.http.client.InterceptingClientHttpRequest.executeInternal(InterceptingClientHttpRequest.java:73)
	at org.springframework.http.client.AbstractBufferingClientHttpRequest.executeInternal(AbstractBufferingClientHttpRequest.java:50)
	at org.springframework.http.client.AbstractClientHttpRequest.execute(AbstractClientHttpRequest.java:80)
	at org.springframework.web.client.DefaultRestClient$DefaultRequestBodyUriSpec.exchangeInternal(DefaultRestClient.java:614)
	... 40 more

2026-09-30 17:37:08 WARN  [SpringApplicationShutdownHook] traceId= spanId= c.n.d.s.t.d.RetryableEurekaHttpClient : Request execution failed with message: I/O error on DELETE request for "http://localhost:8761/eureka/apps/CART-ORDER-SERVICE/10.19.63.112:cart-order-service:8081": Connect to http://localhost:8761 failed: Connection refused
2026-09-30 17:37:08 ERROR [SpringApplicationShutdownHook] traceId= spanId= c.netflix.discovery.DiscoveryClient : DiscoveryClient_CART-ORDER-SERVICE/10.19.63.112:cart-order-service:8081 - de-registration failedCannot execute request on any known server
com.netflix.discovery.shared.transport.TransportException: Cannot execute request on any known server
	at com.netflix.discovery.shared.transport.decorator.RetryableEurekaHttpClient.execute(RetryableEurekaHttpClient.java:112)
	at com.netflix.discovery.shared.transport.decorator.EurekaHttpClientDecorator.cancel(EurekaHttpClientDecorator.java:71)
	at com.netflix.discovery.shared.transport.decorator.EurekaHttpClientDecorator$2.execute(EurekaHttpClientDecorator.java:74)
	at com.netflix.discovery.shared.transport.decorator.SessionedEurekaHttpClient.execute(SessionedEurekaHttpClient.java:76)
	at com.netflix.discovery.shared.transport.decorator.EurekaHttpClientDecorator.cancel(EurekaHttpClientDecorator.java:71)
	at com.netflix.discovery.DiscoveryClient.unregister(DiscoveryClient.java:919)
	at com.netflix.discovery.DiscoveryClient.shutdown(DiscoveryClient.java:900)
	at java.base/jdk.internal.reflect.DirectMethodHandleAccessor.invoke(DirectMethodHandleAccessor.java:104)
	at java.base/java.lang.reflect.Method.invoke(Method.java:565)
	at org.springframework.beans.factory.annotation.InitDestroyAnnotationBeanPostProcessor$LifecycleMethod.invoke(InitDestroyAnnotationBeanPostProcessor.java:453)
	at org.springframework.beans.factory.annotation.InitDestroyAnnotationBeanPostProcessor$LifecycleMetadata.invokeDestroyMethods(InitDestroyAnnotationBeanPostProcessor.java:411)
	at org.springframework.beans.factory.annotation.InitDestroyAnnotationBeanPostProcessor.postProcessBeforeDestruction(InitDestroyAnnotationBeanPostProcessor.java:237)
	at org.springframework.beans.factory.support.DisposableBeanAdapter.destroy(DisposableBeanAdapter.java:200)
	at org.springframework.beans.factory.support.DisposableBeanAdapter.run(DisposableBeanAdapter.java:193)
	at org.springframework.cloud.context.scope.GenericScope$BeanLifecycleWrapper.destroy(GenericScope.java:387)
	at org.springframework.cloud.context.scope.GenericScope.destroy(GenericScope.java:134)
	at org.springframework.beans.factory.support.DisposableBeanAdapter.destroy(DisposableBeanAdapter.java:209)
	at org.springframework.beans.factory.support.DefaultSingletonBeanRegistry.destroyBean(DefaultSingletonBeanRegistry.java:795)
	at org.springframework.beans.factory.support.DefaultSingletonBeanRegistry.destroySingleton(DefaultSingletonBeanRegistry.java:745)
	at org.springframework.beans.factory.support.DefaultListableBeanFactory.destroySingleton(DefaultListableBeanFactory.java:1500)
	at org.springframework.beans.factory.support.DefaultSingletonBeanRegistry.destroySingletons(DefaultSingletonBeanRegistry.java:704)
	at org.springframework.beans.factory.support.DefaultListableBeanFactory.destroySingletons(DefaultListableBeanFactory.java:1493)
	at org.springframework.context.support.AbstractApplicationContext.destroyBeans(AbstractApplicationContext.java:1246)
	at org.springframework.context.support.AbstractApplicationContext.doClose(AbstractApplicationContext.java:1207)
	at org.springframework.boot.web.server.servlet.context.ServletWebServerApplicationContext.doClose(ServletWebServerApplicationContext.java:176)
	at org.springframework.context.support.AbstractApplicationContext.close(AbstractApplicationContext.java:1153)
	at org.springframework.boot.SpringApplicationShutdownHook.closeAndWait(SpringApplicationShutdownHook.java:147)
	at java.base/java.lang.Iterable.forEach(Iterable.java:75)
	at org.springframework.boot.SpringApplicationShutdownHook.run(SpringApplicationShutdownHook.java:116)
	at java.base/java.lang.Thread.run(Thread.java:1474)
2026-09-30 17:37:08 INFO  [SpringApplicationShutdownHook] traceId= spanId= c.netflix.discovery.DiscoveryClient : Completed shut down of DiscoveryClient
