2026-09-30 16:40:02 INFO  [main] c.e.c.ConfigServerApplication : Starting ConfigServerApplication using Java 25.0.2 with PID 52728 (/Users/canzova/IdeaProjects/MicroDevops/config-server/target/classes started by canzova in /Users/canzova/IdeaProjects/MicroDevops)
2026-09-30 16:40:02 DEBUG [main] c.e.c.ConfigServerApplication : Running with Spring Boot v4.0.6, Spring v7.0.7
2026-09-30 16:40:02 INFO  [main] c.e.c.ConfigServerApplication : No active profile set, falling back to 1 default profile: "default"
2026-09-30 16:40:03 INFO  [main] o.s.i.c.DefaultConfiguringBeanFactoryPostProcessor : No bean named 'errorChannel' has been explicitly defined. Therefore, a default PublishSubscribeChannel will be created.
2026-09-30 16:40:03 INFO  [main] o.s.i.c.DefaultConfiguringBeanFactoryPostProcessor : No bean named 'integrationHeaderChannelRegistry' has been explicitly defined. Therefore, a default DefaultHeaderChannelRegistry will be created.
2026-09-30 16:40:03 INFO  [main] o.s.cloud.context.scope.GenericScope : BeanFactory id=689503fe-1cac-3ba2-bf6d-08870863b706
2026-09-30 16:40:03 INFO  [main] o.s.boot.tomcat.TomcatWebServer : Tomcat initialized with port 8079 (http)
2026-09-30 16:40:03 INFO  [main] o.a.catalina.core.StandardService : Starting service [Tomcat]
2026-09-30 16:40:03 INFO  [main] o.a.catalina.core.StandardEngine : Starting Servlet engine: [Apache Tomcat/11.0.21]
2026-09-30 16:40:03 INFO  [main] o.s.b.w.c.s.WebApplicationContextInitializer : Root WebApplicationContext: initialization completed in 789 ms
2026-09-30 16:40:04 INFO  [main] o.s.c.s.m.DirectWithAttributesChannel : Channel 'config-server.springCloudBusInput' has 1 subscriber(s).
2026-09-30 16:40:04 INFO  [main] o.s.c.n.e.c.DiscoveryClientOptionalArgsConfiguration : Eureka HTTP Client uses RestClient.
2026-09-30 16:40:04 WARN  [main] o.s.c.l.c.LoadBalancerCacheAutoConfiguration$LoadBalancerCaffeineWarnLogger : Spring Cloud LoadBalancer is currently working with the default cache. While this cache implementation is useful for development and tests, it's recommended to use Caffeine cache in production.You can switch to using Caffeine cache, by adding it and org.springframework.cache.caffeine.CaffeineCacheManager to the classpath.
2026-09-30 16:40:04 INFO  [main] o.s.b.a.e.web.EndpointLinksResolver : Exposing 25 endpoints beneath base path '/actuator'
2026-09-30 16:40:04 INFO  [main] o.s.i.endpoint.EventDrivenConsumer : Adding {logging-channel-adapter:_org.springframework.integration.errorLogger} as a subscriber to the 'errorChannel' channel
2026-09-30 16:40:04 INFO  [main] o.s.i.c.PublishSubscribeChannel : Channel 'config-server.errorChannel' has 1 subscriber(s).
2026-09-30 16:40:04 INFO  [main] o.s.i.endpoint.EventDrivenConsumer : started bean '_org.springframework.integration.errorLogger'
2026-09-30 16:40:04 INFO  [main] o.s.c.n.eureka.InstanceInfoFactory : Setting initial instance status as: STARTING
2026-09-30 16:40:04 INFO  [main] c.netflix.discovery.DiscoveryClient : Initializing Eureka in region us-east-1
2026-09-30 16:40:04 INFO  [main] c.n.d.s.r.aws.ConfigClusterResolver : Resolving eureka endpoints via configuration
2026-09-30 16:40:04 INFO  [main] c.netflix.discovery.DiscoveryClient : Disable delta property : false
2026-09-30 16:40:04 INFO  [main] c.netflix.discovery.DiscoveryClient : Single vip registry refresh property : null
2026-09-30 16:40:04 INFO  [main] c.netflix.discovery.DiscoveryClient : Force full registry fetch : false
2026-09-30 16:40:04 INFO  [main] c.netflix.discovery.DiscoveryClient : Application is null : false
2026-09-30 16:40:04 INFO  [main] c.netflix.discovery.DiscoveryClient : Registered Applications size is zero : true
2026-09-30 16:40:04 INFO  [main] c.netflix.discovery.DiscoveryClient : Application version is -1: true
2026-09-30 16:40:04 INFO  [main] c.netflix.discovery.DiscoveryClient : Getting all instance registry info from the eureka server
2026-09-30 16:40:04 INFO  [main] c.n.d.s.t.d.RedirectingEurekaHttpClient : Request execution error. endpoint=DefaultEndpoint{ serviceUrl='http://localhost:8761/eureka/}, exception=I/O error on GET request for "http://localhost:8761/eureka/apps/": Connect to http://localhost:8761 failed: Connection refused stacktrace=org.springframework.web.client.ResourceAccessException: I/O error on GET request for "http://localhost:8761/eureka/apps/": Connect to http://localhost:8761 failed: Connection refused
	at org.springframework.web.client.DefaultRestClient$DefaultRequestBodyUriSpec.createResourceAccessException(DefaultRestClient.java:779)
	at org.springframework.web.client.DefaultRestClient$DefaultRequestBodyUriSpec.exchangeInternal(DefaultRestClient.java:624)
	at org.springframework.web.client.DefaultRestClient$DefaultRequestBodyUriSpec.exchange(DefaultRestClient.java:572)
	at org.springframework.web.client.RestClient$RequestHeadersSpec.exchange(RestClient.java:747)
	at org.springframework.web.client.DefaultRestClient$DefaultResponseSpec.executeAndExtract(DefaultRestClient.java:924)
	at org.springframework.web.client.DefaultRestClient$DefaultResponseSpec.toEntityInternal(DefaultRestClient.java:870)
	at org.springframework.web.client.DefaultRestClient$DefaultResponseSpec.toEntity(DefaultRestClient.java:859)
	at org.springframework.cloud.netflix.eureka.http.RestClientEurekaHttpClient.getApplicationsInternal(RestClientEurekaHttpClient.java:201)
	at org.springframework.cloud.netflix.eureka.http.RestClientEurekaHttpClient.getApplications(RestClientEurekaHttpClient.java:137)
	at com.netflix.discovery.shared.transport.decorator.EurekaHttpClientDecorator$6.execute(EurekaHttpClientDecorator.java:137)
	at com.netflix.discovery.shared.transport.decorator.RedirectingEurekaHttpClient.executeOnNewServer(RedirectingEurekaHttpClient.java:121)
	at com.netflix.discovery.shared.transport.decorator.RedirectingEurekaHttpClient.execute(RedirectingEurekaHttpClient.java:80)
	at com.netflix.discovery.shared.transport.decorator.EurekaHttpClientDecorator.getApplications(EurekaHttpClientDecorator.java:134)
	at com.netflix.discovery.shared.transport.decorator.EurekaHttpClientDecorator$6.execute(EurekaHttpClientDecorator.java:137)
	at com.netflix.discovery.shared.transport.decorator.RetryableEurekaHttpClient.execute(RetryableEurekaHttpClient.java:120)
	at com.netflix.discovery.shared.transport.decorator.EurekaHttpClientDecorator.getApplications(EurekaHttpClientDecorator.java:134)
	at com.netflix.discovery.shared.transport.decorator.EurekaHttpClientDecorator$6.execute(EurekaHttpClientDecorator.java:137)
	at com.netflix.discovery.shared.transport.decorator.SessionedEurekaHttpClient.execute(SessionedEurekaHttpClient.java:76)
	at com.netflix.discovery.shared.transport.decorator.EurekaHttpClientDecorator.getApplications(EurekaHttpClientDecorator.java:134)
	at com.netflix.discovery.DiscoveryClient.getAndStoreFullRegistry(DiscoveryClient.java:1046)
	at com.netflix.discovery.DiscoveryClient.fetchRegistry(DiscoveryClient.java:961)
	at com.netflix.discovery.DiscoveryClient.<init>(DiscoveryClient.java:410)
	at com.netflix.discovery.DiscoveryClient.<init>(DiscoveryClient.java:245)
	at com.netflix.discovery.DiscoveryClient.<init>(DiscoveryClient.java:240)
	at org.springframework.cloud.netflix.eureka.CloudEurekaClient.<init>(CloudEurekaClient.java:68)
	at org.springframework.cloud.netflix.eureka.EurekaClientAutoConfiguration$RefreshableEurekaClientConfiguration.eurekaClient(EurekaClientAutoConfiguration.java:324)
	at java.base/jdk.internal.reflect.DirectMethodHandleAccessor.invoke(DirectMethodHandleAccessor.java:104)
	at java.base/java.lang.reflect.Method.invoke(Method.java:565)
	at org.springframework.beans.factory.support.SimpleInstantiationStrategy.lambda$instantiate$0(SimpleInstantiationStrategy.java:155)
	at org.springframework.beans.factory.support.SimpleInstantiationStrategy.instantiateWithFactoryMethod(SimpleInstantiationStrategy.java:72)
	at org.springframework.beans.factory.support.SimpleInstantiationStrategy.instantiate(SimpleInstantiationStrategy.java:152)
	at org.springframework.beans.factory.support.ConstructorResolver.instantiate(ConstructorResolver.java:653)
	at org.springframework.beans.factory.support.ConstructorResolver.instantiateUsingFactoryMethod(ConstructorResolver.java:645)
	at org.springframework.beans.factory.support.AbstractAutowireCapableBeanFactory.instantiateUsingFactoryMethod(AbstractAutowireCapableBeanFactory.java:1362)
	at org.springframework.beans.factory.support.AbstractAutowireCapableBeanFactory.createBeanInstance(AbstractAutowireCapableBeanFactory.java:1194)
	at org.springframework.beans.factory.support.AbstractAutowireCapableBeanFactory.doCreateBean(AbstractAutowireCapableBeanFactory.java:565)
	at org.springframework.beans.factory.support.AbstractAutowireCapableBeanFactory.createBean(AbstractAutowireCapableBeanFactory.java:525)
	at org.springframework.beans.factory.support.AbstractBeanFactory.lambda$doGetBean$1(AbstractBeanFactory.java:372)
	at org.springframework.cloud.context.scope.GenericScope$BeanLifecycleWrapper.getBean(GenericScope.java:373)
	at org.springframework.cloud.context.scope.GenericScope.get(GenericScope.java:177)
	at org.springframework.beans.factory.support.AbstractBeanFactory.doGetBean(AbstractBeanFactory.java:369)
	at org.springframework.beans.factory.support.AbstractBeanFactory.getBean(AbstractBeanFactory.java:196)
	at org.springframework.aop.target.SimpleBeanTargetSource.getTarget(SimpleBeanTargetSource.java:35)
	at org.springframework.cloud.netflix.eureka.serviceregistry.EurekaRegistration.getTargetObject(EurekaRegistration.java:128)
	at org.springframework.cloud.netflix.eureka.serviceregistry.EurekaRegistration.getEurekaClient(EurekaRegistration.java:116)
	at java.base/jdk.internal.reflect.DirectMethodHandleAccessor.invoke(DirectMethodHandleAccessor.java:104)
	at java.base/java.lang.reflect.Method.invoke(Method.java:565)
	at org.springframework.util.ReflectionUtils.invokeMethod(ReflectionUtils.java:281)
	at org.springframework.cloud.context.scope.GenericScope$LockedScopedProxyFactoryBean.invoke(GenericScope.java:480)
	at org.springframework.aop.framework.ReflectiveMethodInvocation.proceed(ReflectiveMethodInvocation.java:179)
	at org.springframework.aop.framework.CglibAopProxy$DynamicAdvisedInterceptor.intercept(CglibAopProxy.java:719)
	at org.springframework.cloud.netflix.eureka.serviceregistry.EurekaRegistration$$SpringCGLIB$$0.getEurekaClient(<generated>)
	at org.springframework.cloud.netflix.eureka.serviceregistry.EurekaServiceRegistry.maybeInitializeClient(EurekaServiceRegistry.java:83)
	at org.springframework.cloud.netflix.eureka.serviceregistry.EurekaServiceRegistry.register(EurekaServiceRegistry.java:66)
	at org.springframework.cloud.netflix.eureka.serviceregistry.EurekaAutoServiceRegistration.start(EurekaAutoServiceRegistration.java:89)
	at org.springframework.context.support.DefaultLifecycleProcessor.doStart(DefaultLifecycleProcessor.java:420)
	at org.springframework.context.support.DefaultLifecycleProcessor.doStart(DefaultLifecycleProcessor.java:409)
	at org.springframework.context.support.DefaultLifecycleProcessor$LifecycleGroup.start(DefaultLifecycleProcessor.java:613)
	at java.base/java.lang.Iterable.forEach(Iterable.java:75)
	at org.springframework.context.support.DefaultLifecycleProcessor.startBeans(DefaultLifecycleProcessor.java:379)
	at org.springframework.context.support.DefaultLifecycleProcessor.onRefresh(DefaultLifecycleProcessor.java:306)
	at org.springframework.context.support.AbstractApplicationContext.finishRefresh(AbstractApplicationContext.java:1013)
	at org.springframework.context.support.AbstractApplicationContext.refresh(AbstractApplicationContext.java:624)
	at org.springframework.boot.web.server.servlet.context.ServletWebServerApplicationContext.refresh(ServletWebServerApplicationContext.java:143)
	at org.springframework.boot.SpringApplication.refresh(SpringApplication.java:756)
	at org.springframework.boot.SpringApplication.refreshContext(SpringApplication.java:445)
	at org.springframework.boot.SpringApplication.run(SpringApplication.java:321)
	at org.springframework.boot.SpringApplication.run(SpringApplication.java:1365)
	at org.springframework.boot.SpringApplication.run(SpringApplication.java:1354)
	at com.easybuy.config_server.ConfigServerApplication.main(ConfigServerApplication.java:11)
Caused by: org.apache.hc.client5.http.HttpHostConnectException: Connect to http://localhost:8761 failed: Connection refused
	at java.base/sun.nio.ch.Net.pollConnect(Native Method)
	at java.base/sun.nio.ch.Net.pollConnectNow(Net.java:639)
	at java.base/sun.nio.ch.NioSocketImpl.timedFinishConnect(NioSocketImpl.java:550)
	at java.base/sun.nio.ch.NioSocketImpl.connect(NioSocketImpl.java:594)
	at java.base/java.net.SocksSocketImpl.connect(SocksSocketImpl.java:284)
	at java.base/java.net.Socket.connect(Socket.java:659)
	at org.apache.hc.client5.http.impl.io.DefaultHttpClientConnectionOperator.connect(DefaultHttpClientConnectionOperator.java:226)
	at org.apache.hc.client5.http.impl.io.PoolingHttpClientConnectionManager.connect(PoolingHttpClientConnectionManager.java:497)
	at org.apache.hc.client5.http.impl.classic.InternalExecRuntime.connectEndpoint(InternalExecRuntime.java:164)
	at org.apache.hc.client5.http.impl.classic.InternalExecRuntime.connectEndpoint(InternalExecRuntime.java:174)
	at org.apache.hc.client5.http.impl.classic.ConnectExec.execute(ConnectExec.java:144)
	at org.apache.hc.client5.http.impl.classic.ExecChainElement.execute(ExecChainElement.java:51)
	at org.apache.hc.client5.http.impl.classic.ProtocolExec.execute(ProtocolExec.java:195)
	at org.apache.hc.client5.http.impl.classic.ExecChainElement.execute(ExecChainElement.java:51)
	at org.apache.hc.client5.http.impl.classic.ContentCompressionExec.execute(ContentCompressionExec.java:168)
	at org.apache.hc.client5.http.impl.classic.ExecChainElement.execute(ExecChainElement.java:51)
	at org.apache.hc.client5.http.impl.classic.HttpRequestRetryExec.execute(HttpRequestRetryExec.java:112)
	at org.apache.hc.client5.http.impl.classic.ExecChainElement.execute(ExecChainElement.java:51)
	at org.apache.hc.client5.http.impl.classic.RedirectExec.execute(RedirectExec.java:110)
	at org.apache.hc.client5.http.impl.classic.ExecChainElement.execute(ExecChainElement.java:51)
	at org.apache.hc.client5.http.impl.classic.InternalHttpClient.doExecute(InternalHttpClient.java:185)
	at org.apache.hc.client5.http.impl.classic.CloseableHttpClient.execute(CloseableHttpClient.java:87)
	at org.apache.hc.client5.http.impl.classic.CloseableHttpClient.execute(CloseableHttpClient.java:55)
	at org.apache.hc.client5.http.classic.HttpClient.executeOpen(HttpClient.java:183)
	at org.springframework.http.client.HttpComponentsClientHttpRequest.executeInternal(HttpComponentsClientHttpRequest.java:99)
	at org.springframework.http.client.AbstractStreamingClientHttpRequest.executeInternal(AbstractStreamingClientHttpRequest.java:87)
	at org.springframework.http.client.AbstractClientHttpRequest.execute(AbstractClientHttpRequest.java:80)
	at org.springframework.http.client.AbstractBufferingClientHttpRequest.executeWithRequestAndBody(AbstractBufferingClientHttpRequest.java:89)
	at org.springframework.http.client.InterceptingClientHttpRequest$EndOfChainRequestExecution.execute(InterceptingClientHttpRequest.java:102)
	at org.springframework.cloud.netflix.eureka.http.RestClientTransportClientFactory.lambda$newClient$2(RestClientTransportClientFactory.java:98)
	at org.springframework.http.client.ClientHttpRequestInterceptor.lambda$apply$0(ClientHttpRequestInterceptor.java:89)
	at org.springframework.http.client.InterceptingClientHttpRequest.executeInternal(InterceptingClientHttpRequest.java:73)
	at org.springframework.http.client.AbstractBufferingClientHttpRequest.executeInternal(AbstractBufferingClientHttpRequest.java:50)
	at org.springframework.http.client.AbstractClientHttpRequest.execute(AbstractClientHttpRequest.java:80)
	at org.springframework.web.client.DefaultRestClient$DefaultRequestBodyUriSpec.exchangeInternal(DefaultRestClient.java:614)
	... 68 more

2026-09-30 16:40:04 WARN  [main] c.n.d.s.t.d.RetryableEurekaHttpClient : Request execution failed with message: I/O error on GET request for "http://localhost:8761/eureka/apps/": Connect to http://localhost:8761 failed: Connection refused
2026-09-30 16:40:04 INFO  [main] c.netflix.discovery.DiscoveryClient : DiscoveryClient_CONFIG-SERVER/10.19.63.112:config-server:8079 - was unable to refresh its cache! This periodic background refresh will be retried in 30 seconds. status = Cannot execute request on any known server stacktrace = com.netflix.discovery.shared.transport.TransportException: Cannot execute request on any known server
	at com.netflix.discovery.shared.transport.decorator.RetryableEurekaHttpClient.execute(RetryableEurekaHttpClient.java:112)
	at com.netflix.discovery.shared.transport.decorator.EurekaHttpClientDecorator.getApplications(EurekaHttpClientDecorator.java:134)
	at com.netflix.discovery.shared.transport.decorator.EurekaHttpClientDecorator$6.execute(EurekaHttpClientDecorator.java:137)
	at com.netflix.discovery.shared.transport.decorator.SessionedEurekaHttpClient.execute(SessionedEurekaHttpClient.java:76)
	at com.netflix.discovery.shared.transport.decorator.EurekaHttpClientDecorator.getApplications(EurekaHttpClientDecorator.java:134)
	at com.netflix.discovery.DiscoveryClient.getAndStoreFullRegistry(DiscoveryClient.java:1046)
	at com.netflix.discovery.DiscoveryClient.fetchRegistry(DiscoveryClient.java:961)
	at com.netflix.discovery.DiscoveryClient.<init>(DiscoveryClient.java:410)
	at com.netflix.discovery.DiscoveryClient.<init>(DiscoveryClient.java:245)
	at com.netflix.discovery.DiscoveryClient.<init>(DiscoveryClient.java:240)
	at org.springframework.cloud.netflix.eureka.CloudEurekaClient.<init>(CloudEurekaClient.java:68)
	at org.springframework.cloud.netflix.eureka.EurekaClientAutoConfiguration$RefreshableEurekaClientConfiguration.eurekaClient(EurekaClientAutoConfiguration.java:324)
	at java.base/jdk.internal.reflect.DirectMethodHandleAccessor.invoke(DirectMethodHandleAccessor.java:104)
	at java.base/java.lang.reflect.Method.invoke(Method.java:565)
	at org.springframework.beans.factory.support.SimpleInstantiationStrategy.lambda$instantiate$0(SimpleInstantiationStrategy.java:155)
	at org.springframework.beans.factory.support.SimpleInstantiationStrategy.instantiateWithFactoryMethod(SimpleInstantiationStrategy.java:72)
	at org.springframework.beans.factory.support.SimpleInstantiationStrategy.instantiate(SimpleInstantiationStrategy.java:152)
	at org.springframework.beans.factory.support.ConstructorResolver.instantiate(ConstructorResolver.java:653)
	at org.springframework.beans.factory.support.ConstructorResolver.instantiateUsingFactoryMethod(ConstructorResolver.java:645)
	at org.springframework.beans.factory.support.AbstractAutowireCapableBeanFactory.instantiateUsingFactoryMethod(AbstractAutowireCapableBeanFactory.java:1362)
	at org.springframework.beans.factory.support.AbstractAutowireCapableBeanFactory.createBeanInstance(AbstractAutowireCapableBeanFactory.java:1194)
	at org.springframework.beans.factory.support.AbstractAutowireCapableBeanFactory.doCreateBean(AbstractAutowireCapableBeanFactory.java:565)
	at org.springframework.beans.factory.support.AbstractAutowireCapableBeanFactory.createBean(AbstractAutowireCapableBeanFactory.java:525)
	at org.springframework.beans.factory.support.AbstractBeanFactory.lambda$doGetBean$1(AbstractBeanFactory.java:372)
	at org.springframework.cloud.context.scope.GenericScope$BeanLifecycleWrapper.getBean(GenericScope.java:373)
	at org.springframework.cloud.context.scope.GenericScope.get(GenericScope.java:177)
	at org.springframework.beans.factory.support.AbstractBeanFactory.doGetBean(AbstractBeanFactory.java:369)
	at org.springframework.beans.factory.support.AbstractBeanFactory.getBean(AbstractBeanFactory.java:196)
	at org.springframework.aop.target.SimpleBeanTargetSource.getTarget(SimpleBeanTargetSource.java:35)
	at org.springframework.cloud.netflix.eureka.serviceregistry.EurekaRegistration.getTargetObject(EurekaRegistration.java:128)
	at org.springframework.cloud.netflix.eureka.serviceregistry.EurekaRegistration.getEurekaClient(EurekaRegistration.java:116)
	at java.base/jdk.internal.reflect.DirectMethodHandleAccessor.invoke(DirectMethodHandleAccessor.java:104)
	at java.base/java.lang.reflect.Method.invoke(Method.java:565)
	at org.springframework.util.ReflectionUtils.invokeMethod(ReflectionUtils.java:281)
	at org.springframework.cloud.context.scope.GenericScope$LockedScopedProxyFactoryBean.invoke(GenericScope.java:480)
	at org.springframework.aop.framework.ReflectiveMethodInvocation.proceed(ReflectiveMethodInvocation.java:179)
	at org.springframework.aop.framework.CglibAopProxy$DynamicAdvisedInterceptor.intercept(CglibAopProxy.java:719)
	at org.springframework.cloud.netflix.eureka.serviceregistry.EurekaRegistration$$SpringCGLIB$$0.getEurekaClient(<generated>)
	at org.springframework.cloud.netflix.eureka.serviceregistry.EurekaServiceRegistry.maybeInitializeClient(EurekaServiceRegistry.java:83)
	at org.springframework.cloud.netflix.eureka.serviceregistry.EurekaServiceRegistry.register(EurekaServiceRegistry.java:66)
	at org.springframework.cloud.netflix.eureka.serviceregistry.EurekaAutoServiceRegistration.start(EurekaAutoServiceRegistration.java:89)
	at org.springframework.context.support.DefaultLifecycleProcessor.doStart(DefaultLifecycleProcessor.java:420)
	at org.springframework.context.support.DefaultLifecycleProcessor.doStart(DefaultLifecycleProcessor.java:409)
	at org.springframework.context.support.DefaultLifecycleProcessor$LifecycleGroup.start(DefaultLifecycleProcessor.java:613)
	at java.base/java.lang.Iterable.forEach(Iterable.java:75)
	at org.springframework.context.support.DefaultLifecycleProcessor.startBeans(DefaultLifecycleProcessor.java:379)
	at org.springframework.context.support.DefaultLifecycleProcessor.onRefresh(DefaultLifecycleProcessor.java:306)
	at org.springframework.context.support.AbstractApplicationContext.finishRefresh(AbstractApplicationContext.java:1013)
	at org.springframework.context.support.AbstractApplicationContext.refresh(AbstractApplicationContext.java:624)
	at org.springframework.boot.web.server.servlet.context.ServletWebServerApplicationContext.refresh(ServletWebServerApplicationContext.java:143)
	at org.springframework.boot.SpringApplication.refresh(SpringApplication.java:756)
	at org.springframework.boot.SpringApplication.refreshContext(SpringApplication.java:445)
	at org.springframework.boot.SpringApplication.run(SpringApplication.java:321)
	at org.springframework.boot.SpringApplication.run(SpringApplication.java:1365)
	at org.springframework.boot.SpringApplication.run(SpringApplication.java:1354)
	at com.easybuy.config_server.ConfigServerApplication.main(ConfigServerApplication.java:11)

2026-09-30 16:40:04 INFO  [main] c.netflix.discovery.DiscoveryClient : Initial registry fetch from primary servers failed
2026-09-30 16:40:04 WARN  [main] c.netflix.discovery.DiscoveryClient : Using default backup registry implementation which does not do anything.
2026-09-30 16:40:04 INFO  [main] c.netflix.discovery.DiscoveryClient : Initial registry fetch from backup servers failed
2026-09-30 16:40:04 INFO  [main] c.netflix.discovery.DiscoveryClient : Starting heartbeat executor: renew interval is: 30
2026-09-30 16:40:04 INFO  [main] c.n.discovery.InstanceInfoReplicator : InstanceInfoReplicator onDemand update allowed rate per min is 4
2026-09-30 16:40:04 INFO  [main] c.netflix.discovery.DiscoveryClient : Discovery Client initialized at timestamp 1790766604886 with initial instances count: 0
2026-09-30 16:40:04 INFO  [main] o.s.c.n.e.s.EurekaServiceRegistry : Registering application CONFIG-SERVER with eureka with status UP
2026-09-30 16:40:04 INFO  [main] c.netflix.discovery.DiscoveryClient : Saw local status change event StatusChangeEvent [timestamp=1790766604889, current=UP, previous=STARTING]
2026-09-30 16:40:04 INFO  [DiscoveryClient-InstanceInfoReplicator-%d] c.netflix.discovery.DiscoveryClient : DiscoveryClient_CONFIG-SERVER/10.19.63.112:config-server:8079: registering service...
2026-09-30 16:40:04 INFO  [main] o.s.c.s.binder.DefaultBinderFactory : Creating binder: rabbit
2026-09-30 16:40:04 INFO  [main] o.s.c.s.binder.DefaultBinderFactory : Constructing binder child context for rabbit
2026-09-30 16:40:04 INFO  [main] o.s.c.s.binder.DefaultBinderFactory : Caching the binder: rabbit
2026-09-30 16:40:04 INFO  [DiscoveryClient-InstanceInfoReplicator-%d] c.n.d.s.t.d.RedirectingEurekaHttpClient : Request execution error. endpoint=DefaultEndpoint{ serviceUrl='http://localhost:8761/eureka/}, exception=I/O error on POST request for "http://localhost:8761/eureka/apps/CONFIG-SERVER": Connect to http://localhost:8761 failed: Connection refused stacktrace=org.springframework.web.client.ResourceAccessException: I/O error on POST request for "http://localhost:8761/eureka/apps/CONFIG-SERVER": Connect to http://localhost:8761 failed: Connection refused
	at org.springframework.web.client.DefaultRestClient$DefaultRequestBodyUriSpec.createResourceAccessException(DefaultRestClient.java:779)
	at org.springframework.web.client.DefaultRestClient$DefaultRequestBodyUriSpec.exchangeInternal(DefaultRestClient.java:624)
	at org.springframework.web.client.DefaultRestClient$DefaultRequestBodyUriSpec.exchange(DefaultRestClient.java:572)
	at org.springframework.web.client.RestClient$RequestHeadersSpec.exchange(RestClient.java:747)
	at org.springframework.web.client.DefaultRestClient$DefaultResponseSpec.executeAndExtract(DefaultRestClient.java:924)
	at org.springframework.web.client.DefaultRestClient$DefaultResponseSpec.toBodilessEntity(DefaultRestClient.java:888)
	at org.springframework.cloud.netflix.eureka.http.RestClientEurekaHttpClient.register(RestClientEurekaHttpClient.java:64)
	at com.netflix.discovery.shared.transport.decorator.EurekaHttpClientDecorator$1.execute(EurekaHttpClientDecorator.java:59)
	at com.netflix.discovery.shared.transport.decorator.RedirectingEurekaHttpClient.executeOnNewServer(RedirectingEurekaHttpClient.java:121)
	at com.netflix.discovery.shared.transport.decorator.RedirectingEurekaHttpClient.execute(RedirectingEurekaHttpClient.java:80)
	at com.netflix.discovery.shared.transport.decorator.EurekaHttpClientDecorator.register(EurekaHttpClientDecorator.java:56)
	at com.netflix.discovery.shared.transport.decorator.EurekaHttpClientDecorator$1.execute(EurekaHttpClientDecorator.java:59)
	at com.netflix.discovery.shared.transport.decorator.RetryableEurekaHttpClient.execute(RetryableEurekaHttpClient.java:120)
	at com.netflix.discovery.shared.transport.decorator.EurekaHttpClientDecorator.register(EurekaHttpClientDecorator.java:56)
	at com.netflix.discovery.shared.transport.decorator.EurekaHttpClientDecorator$1.execute(EurekaHttpClientDecorator.java:59)
	at com.netflix.discovery.shared.transport.decorator.SessionedEurekaHttpClient.execute(SessionedEurekaHttpClient.java:76)
	at com.netflix.discovery.shared.transport.decorator.EurekaHttpClientDecorator.register(EurekaHttpClientDecorator.java:56)
	at com.netflix.discovery.DiscoveryClient.register(DiscoveryClient.java:828)
	at com.netflix.discovery.InstanceInfoReplicator.run(InstanceInfoReplicator.java:125)
	at com.netflix.discovery.InstanceInfoReplicator$2.run(InstanceInfoReplicator.java:105)
	at java.base/java.util.concurrent.Executors$RunnableAdapter.call(Executors.java:545)
	at java.base/java.util.concurrent.FutureTask.run(FutureTask.java:328)
	at java.base/java.util.concurrent.ScheduledThreadPoolExecutor$ScheduledFutureTask.run(ScheduledThreadPoolExecutor.java:309)
	at java.base/java.util.concurrent.ThreadPoolExecutor.runWorker(ThreadPoolExecutor.java:1090)
	at java.base/java.util.concurrent.ThreadPoolExecutor$Worker.run(ThreadPoolExecutor.java:614)
	at java.base/java.lang.Thread.run(Thread.java:1474)
Caused by: org.apache.hc.client5.http.HttpHostConnectException: Connect to http://localhost:8761 failed: Connection refused
	at java.base/sun.nio.ch.Net.pollConnect(Native Method)
	at java.base/sun.nio.ch.Net.pollConnectNow(Net.java:639)
	at java.base/sun.nio.ch.NioSocketImpl.timedFinishConnect(NioSocketImpl.java:550)
	at java.base/sun.nio.ch.NioSocketImpl.connect(NioSocketImpl.java:594)
	at java.base/java.net.SocksSocketImpl.connect(SocksSocketImpl.java:284)
	at java.base/java.net.Socket.connect(Socket.java:659)
	at org.apache.hc.client5.http.impl.io.DefaultHttpClientConnectionOperator.connect(DefaultHttpClientConnectionOperator.java:226)
	at org.apache.hc.client5.http.impl.io.PoolingHttpClientConnectionManager.connect(PoolingHttpClientConnectionManager.java:497)
	at org.apache.hc.client5.http.impl.classic.InternalExecRuntime.connectEndpoint(InternalExecRuntime.java:164)
	at org.apache.hc.client5.http.impl.classic.InternalExecRuntime.connectEndpoint(InternalExecRuntime.java:174)
	at org.apache.hc.client5.http.impl.classic.ConnectExec.execute(ConnectExec.java:144)
	at org.apache.hc.client5.http.impl.classic.ExecChainElement.execute(ExecChainElement.java:51)
	at org.apache.hc.client5.http.impl.classic.ProtocolExec.execute(ProtocolExec.java:195)
	at org.apache.hc.client5.http.impl.classic.ExecChainElement.execute(ExecChainElement.java:51)
	at org.apache.hc.client5.http.impl.classic.ContentCompressionExec.execute(ContentCompressionExec.java:168)
	at org.apache.hc.client5.http.impl.classic.ExecChainElement.execute(ExecChainElement.java:51)
	at org.apache.hc.client5.http.impl.classic.HttpRequestRetryExec.execute(HttpRequestRetryExec.java:112)
	at org.apache.hc.client5.http.impl.classic.ExecChainElement.execute(ExecChainElement.java:51)
	at org.apache.hc.client5.http.impl.classic.RedirectExec.execute(RedirectExec.java:110)
	at org.apache.hc.client5.http.impl.classic.ExecChainElement.execute(ExecChainElement.java:51)
	at org.apache.hc.client5.http.impl.classic.InternalHttpClient.doExecute(InternalHttpClient.java:185)
	at org.apache.hc.client5.http.impl.classic.CloseableHttpClient.execute(CloseableHttpClient.java:87)
	at org.apache.hc.client5.http.impl.classic.CloseableHttpClient.execute(CloseableHttpClient.java:55)
	at org.apache.hc.client5.http.classic.HttpClient.executeOpen(HttpClient.java:183)
	at org.springframework.http.client.HttpComponentsClientHttpRequest.executeInternal(HttpComponentsClientHttpRequest.java:99)
	at org.springframework.http.client.AbstractStreamingClientHttpRequest.executeInternal(AbstractStreamingClientHttpRequest.java:87)
	at org.springframework.http.client.AbstractClientHttpRequest.execute(AbstractClientHttpRequest.java:80)
	at org.springframework.http.client.AbstractBufferingClientHttpRequest.executeWithRequestAndBody(AbstractBufferingClientHttpRequest.java:89)
	at org.springframework.http.client.InterceptingClientHttpRequest$EndOfChainRequestExecution.execute(InterceptingClientHttpRequest.java:102)
	at org.springframework.cloud.netflix.eureka.http.RestClientTransportClientFactory.lambda$newClient$2(RestClientTransportClientFactory.java:98)
	at org.springframework.http.client.ClientHttpRequestInterceptor.lambda$apply$0(ClientHttpRequestInterceptor.java:89)
	at org.springframework.http.client.InterceptingClientHttpRequest.executeInternal(InterceptingClientHttpRequest.java:73)
	at org.springframework.http.client.AbstractBufferingClientHttpRequest.executeInternal(AbstractBufferingClientHttpRequest.java:50)
	at org.springframework.http.client.AbstractClientHttpRequest.execute(AbstractClientHttpRequest.java:80)
	at org.springframework.web.client.DefaultRestClient$DefaultRequestBodyUriSpec.exchangeInternal(DefaultRestClient.java:614)
	... 24 more

2026-09-30 16:40:04 WARN  [DiscoveryClient-InstanceInfoReplicator-%d] c.n.d.s.t.d.RetryableEurekaHttpClient : Request execution failed with message: I/O error on POST request for "http://localhost:8761/eureka/apps/CONFIG-SERVER": Connect to http://localhost:8761 failed: Connection refused
2026-09-30 16:40:04 WARN  [DiscoveryClient-InstanceInfoReplicator-%d] c.netflix.discovery.DiscoveryClient : DiscoveryClient_CONFIG-SERVER/10.19.63.112:config-server:8079 - registration failed Cannot execute request on any known server
com.netflix.discovery.shared.transport.TransportException: Cannot execute request on any known server
	at com.netflix.discovery.shared.transport.decorator.RetryableEurekaHttpClient.execute(RetryableEurekaHttpClient.java:112)
	at com.netflix.discovery.shared.transport.decorator.EurekaHttpClientDecorator.register(EurekaHttpClientDecorator.java:56)
	at com.netflix.discovery.shared.transport.decorator.EurekaHttpClientDecorator$1.execute(EurekaHttpClientDecorator.java:59)
	at com.netflix.discovery.shared.transport.decorator.SessionedEurekaHttpClient.execute(SessionedEurekaHttpClient.java:76)
	at com.netflix.discovery.shared.transport.decorator.EurekaHttpClientDecorator.register(EurekaHttpClientDecorator.java:56)
	at com.netflix.discovery.DiscoveryClient.register(DiscoveryClient.java:828)
	at com.netflix.discovery.InstanceInfoReplicator.run(InstanceInfoReplicator.java:125)
	at com.netflix.discovery.InstanceInfoReplicator$2.run(InstanceInfoReplicator.java:105)
	at java.base/java.util.concurrent.Executors$RunnableAdapter.call(Executors.java:545)
	at java.base/java.util.concurrent.FutureTask.run(FutureTask.java:328)
	at java.base/java.util.concurrent.ScheduledThreadPoolExecutor$ScheduledFutureTask.run(ScheduledThreadPoolExecutor.java:309)
	at java.base/java.util.concurrent.ThreadPoolExecutor.runWorker(ThreadPoolExecutor.java:1090)
	at java.base/java.util.concurrent.ThreadPoolExecutor$Worker.run(ThreadPoolExecutor.java:614)
	at java.base/java.lang.Thread.run(Thread.java:1474)
2026-09-30 16:40:04 WARN  [DiscoveryClient-InstanceInfoReplicator-%d] c.n.discovery.InstanceInfoReplicator : There was a problem with the instance info replicator
com.netflix.discovery.shared.transport.TransportException: Cannot execute request on any known server
	at com.netflix.discovery.shared.transport.decorator.RetryableEurekaHttpClient.execute(RetryableEurekaHttpClient.java:112)
	at com.netflix.discovery.shared.transport.decorator.EurekaHttpClientDecorator.register(EurekaHttpClientDecorator.java:56)
	at com.netflix.discovery.shared.transport.decorator.EurekaHttpClientDecorator$1.execute(EurekaHttpClientDecorator.java:59)
	at com.netflix.discovery.shared.transport.decorator.SessionedEurekaHttpClient.execute(SessionedEurekaHttpClient.java:76)
	at com.netflix.discovery.shared.transport.decorator.EurekaHttpClientDecorator.register(EurekaHttpClientDecorator.java:56)
	at com.netflix.discovery.DiscoveryClient.register(DiscoveryClient.java:828)
	at com.netflix.discovery.InstanceInfoReplicator.run(InstanceInfoReplicator.java:125)
	at com.netflix.discovery.InstanceInfoReplicator$2.run(InstanceInfoReplicator.java:105)
	at java.base/java.util.concurrent.Executors$RunnableAdapter.call(Executors.java:545)
	at java.base/java.util.concurrent.FutureTask.run(FutureTask.java:328)
	at java.base/java.util.concurrent.ScheduledThreadPoolExecutor$ScheduledFutureTask.run(ScheduledThreadPoolExecutor.java:309)
	at java.base/java.util.concurrent.ThreadPoolExecutor.runWorker(ThreadPoolExecutor.java:1090)
	at java.base/java.util.concurrent.ThreadPoolExecutor$Worker.run(ThreadPoolExecutor.java:614)
	at java.base/java.lang.Thread.run(Thread.java:1474)
2026-09-30 16:40:04 INFO  [main] o.s.c.s.b.r.p.RabbitExchangeQueueProvisioner : declaring queue for inbound: springCloudBus.anonymous.t1-0688iQX2f8pBkjDe8_A, bound to: springCloudBus
2026-09-30 16:40:04 INFO  [main] o.s.a.r.c.CachingConnectionFactory : Attempting to connect to: [localhost:5672]
2026-09-30 16:40:04 INFO  [main] o.s.a.r.c.CachingConnectionFactory : Attempting to connect to: [localhost:5672]
2026-09-30 16:40:04 INFO  [main] o.s.a.r.c.CachingConnectionFactory : Attempting to connect to: [localhost:5672]
2026-09-30 16:40:04 INFO  [main] o.s.c.s.binder.BinderErrorChannel : Channel 'rabbit-817484272.springCloudBusInput.errors' has 1 subscriber(s).
2026-09-30 16:40:04 INFO  [main] o.s.c.s.binder.BinderErrorChannel : Channel 'rabbit-817484272.springCloudBusInput.errors' has 2 subscriber(s).
2026-09-30 16:40:04 INFO  [main] o.s.a.r.c.CachingConnectionFactory : Attempting to connect to: [localhost:5672]
2026-09-30 16:40:04 INFO  [main] o.s.a.r.l.SimpleMessageListenerContainer : Broker not available; cannot force queue declarations during start: java.net.ConnectException: Connection refused
2026-09-30 16:40:04 INFO  [springCloudBus.anonymous.t1-0688iQX2f8pBkjDe8_A-1] o.s.a.r.c.CachingConnectionFactory : Attempting to connect to: [localhost:5672]
2026-09-30 16:40:04 INFO  [main] o.s.i.a.i.AmqpInboundChannelAdapter : started bean 'inbound.springCloudBus.anonymous.t1-0688iQX2f8pBkjDe8_A'
2026-09-30 16:40:04 INFO  [main] o.s.boot.tomcat.TomcatWebServer : Tomcat started on port 8079 (http) with context path '/'
2026-09-30 16:40:04 INFO  [main] o.s.c.n.e.s.EurekaAutoServiceRegistration : Updating port to 8079
2026-09-30 16:40:04 INFO  [main] c.e.c.ConfigServerApplication : Started ConfigServerApplication in 2.23 seconds (process running for 3.493)
2026-09-30 16:40:06 INFO  [SpringApplicationShutdownHook] o.s.c.n.e.s.EurekaServiceRegistry : Unregistering application CONFIG-SERVER with eureka with status DOWN
2026-09-30 16:40:06 INFO  [SpringApplicationShutdownHook] c.netflix.discovery.DiscoveryClient : Saw local status change event StatusChangeEvent [timestamp=1790766606181, current=DOWN, previous=UP]
2026-09-30 16:40:06 INFO  [DiscoveryClient-InstanceInfoReplicator-%d] c.netflix.discovery.DiscoveryClient : DiscoveryClient_CONFIG-SERVER/10.19.63.112:config-server:8079: registering service...
2026-09-30 16:40:06 INFO  [SpringApplicationShutdownHook] o.s.boot.tomcat.GracefulShutdown : Commencing graceful shutdown. Waiting for active requests to complete
2026-09-30 16:40:06 INFO  [DiscoveryClient-InstanceInfoReplicator-%d] c.n.d.s.t.d.RedirectingEurekaHttpClient : Request execution error. endpoint=DefaultEndpoint{ serviceUrl='http://localhost:8761/eureka/}, exception=I/O error on POST request for "http://localhost:8761/eureka/apps/CONFIG-SERVER": Connect to http://localhost:8761 failed: Connection refused stacktrace=org.springframework.web.client.ResourceAccessException: I/O error on POST request for "http://localhost:8761/eureka/apps/CONFIG-SERVER": Connect to http://localhost:8761 failed: Connection refused
	at org.springframework.web.client.DefaultRestClient$DefaultRequestBodyUriSpec.createResourceAccessException(DefaultRestClient.java:779)
	at org.springframework.web.client.DefaultRestClient$DefaultRequestBodyUriSpec.exchangeInternal(DefaultRestClient.java:624)
	at org.springframework.web.client.DefaultRestClient$DefaultRequestBodyUriSpec.exchange(DefaultRestClient.java:572)
	at org.springframework.web.client.RestClient$RequestHeadersSpec.exchange(RestClient.java:747)
	at org.springframework.web.client.DefaultRestClient$DefaultResponseSpec.executeAndExtract(DefaultRestClient.java:924)
	at org.springframework.web.client.DefaultRestClient$DefaultResponseSpec.toBodilessEntity(DefaultRestClient.java:888)
	at org.springframework.cloud.netflix.eureka.http.RestClientEurekaHttpClient.register(RestClientEurekaHttpClient.java:64)
	at com.netflix.discovery.shared.transport.decorator.EurekaHttpClientDecorator$1.execute(EurekaHttpClientDecorator.java:59)
	at com.netflix.discovery.shared.transport.decorator.RedirectingEurekaHttpClient.executeOnNewServer(RedirectingEurekaHttpClient.java:121)
	at com.netflix.discovery.shared.transport.decorator.RedirectingEurekaHttpClient.execute(RedirectingEurekaHttpClient.java:80)
	at com.netflix.discovery.shared.transport.decorator.EurekaHttpClientDecorator.register(EurekaHttpClientDecorator.java:56)
	at com.netflix.discovery.shared.transport.decorator.EurekaHttpClientDecorator$1.execute(EurekaHttpClientDecorator.java:59)
	at com.netflix.discovery.shared.transport.decorator.RetryableEurekaHttpClient.execute(RetryableEurekaHttpClient.java:120)
	at com.netflix.discovery.shared.transport.decorator.EurekaHttpClientDecorator.register(EurekaHttpClientDecorator.java:56)
	at com.netflix.discovery.shared.transport.decorator.EurekaHttpClientDecorator$1.execute(EurekaHttpClientDecorator.java:59)
	at com.netflix.discovery.shared.transport.decorator.SessionedEurekaHttpClient.execute(SessionedEurekaHttpClient.java:76)
	at com.netflix.discovery.shared.transport.decorator.EurekaHttpClientDecorator.register(EurekaHttpClientDecorator.java:56)
	at com.netflix.discovery.DiscoveryClient.register(DiscoveryClient.java:828)
	at com.netflix.discovery.InstanceInfoReplicator.run(InstanceInfoReplicator.java:125)
	at com.netflix.discovery.InstanceInfoReplicator$2.run(InstanceInfoReplicator.java:105)
	at java.base/java.util.concurrent.Executors$RunnableAdapter.call(Executors.java:545)
	at java.base/java.util.concurrent.FutureTask.run(FutureTask.java:328)
	at java.base/java.util.concurrent.ScheduledThreadPoolExecutor$ScheduledFutureTask.run(ScheduledThreadPoolExecutor.java:309)
	at java.base/java.util.concurrent.ThreadPoolExecutor.runWorker(ThreadPoolExecutor.java:1090)
	at java.base/java.util.concurrent.ThreadPoolExecutor$Worker.run(ThreadPoolExecutor.java:614)
	at java.base/java.lang.Thread.run(Thread.java:1474)
Caused by: org.apache.hc.client5.http.HttpHostConnectException: Connect to http://localhost:8761 failed: Connection refused
	at java.base/sun.nio.ch.Net.pollConnect(Native Method)
	at java.base/sun.nio.ch.Net.pollConnectNow(Net.java:639)
	at java.base/sun.nio.ch.NioSocketImpl.timedFinishConnect(NioSocketImpl.java:543)
	at java.base/sun.nio.ch.NioSocketImpl.connect(NioSocketImpl.java:594)
	at java.base/java.net.SocksSocketImpl.connect(SocksSocketImpl.java:284)
	at java.base/java.net.Socket.connect(Socket.java:659)
	at org.apache.hc.client5.http.impl.io.DefaultHttpClientConnectionOperator.connect(DefaultHttpClientConnectionOperator.java:226)
	at org.apache.hc.client5.http.impl.io.PoolingHttpClientConnectionManager.connect(PoolingHttpClientConnectionManager.java:497)
	at org.apache.hc.client5.http.impl.classic.InternalExecRuntime.connectEndpoint(InternalExecRuntime.java:164)
	at org.apache.hc.client5.http.impl.classic.InternalExecRuntime.connectEndpoint(InternalExecRuntime.java:174)
	at org.apache.hc.client5.http.impl.classic.ConnectExec.execute(ConnectExec.java:144)
	at org.apache.hc.client5.http.impl.classic.ExecChainElement.execute(ExecChainElement.java:51)
	at org.apache.hc.client5.http.impl.classic.ProtocolExec.execute(ProtocolExec.java:195)
	at org.apache.hc.client5.http.impl.classic.ExecChainElement.execute(ExecChainElement.java:51)
	at org.apache.hc.client5.http.impl.classic.ContentCompressionExec.execute(ContentCompressionExec.java:168)
	at org.apache.hc.client5.http.impl.classic.ExecChainElement.execute(ExecChainElement.java:51)
	at org.apache.hc.client5.http.impl.classic.HttpRequestRetryExec.execute(HttpRequestRetryExec.java:112)
	at org.apache.hc.client5.http.impl.classic.ExecChainElement.execute(ExecChainElement.java:51)
	at org.apache.hc.client5.http.impl.classic.RedirectExec.execute(RedirectExec.java:110)
	at org.apache.hc.client5.http.impl.classic.ExecChainElement.execute(ExecChainElement.java:51)
	at org.apache.hc.client5.http.impl.classic.InternalHttpClient.doExecute(InternalHttpClient.java:185)
	at org.apache.hc.client5.http.impl.classic.CloseableHttpClient.execute(CloseableHttpClient.java:87)
	at org.apache.hc.client5.http.impl.classic.CloseableHttpClient.execute(CloseableHttpClient.java:55)
	at org.apache.hc.client5.http.classic.HttpClient.executeOpen(HttpClient.java:183)
	at org.springframework.http.client.HttpComponentsClientHttpRequest.executeInternal(HttpComponentsClientHttpRequest.java:99)
	at org.springframework.http.client.AbstractStreamingClientHttpRequest.executeInternal(AbstractStreamingClientHttpRequest.java:87)
	at org.springframework.http.client.AbstractClientHttpRequest.execute(AbstractClientHttpRequest.java:80)
	at org.springframework.http.client.AbstractBufferingClientHttpRequest.executeWithRequestAndBody(AbstractBufferingClientHttpRequest.java:89)
	at org.springframework.http.client.InterceptingClientHttpRequest$EndOfChainRequestExecution.execute(InterceptingClientHttpRequest.java:102)
	at org.springframework.cloud.netflix.eureka.http.RestClientTransportClientFactory.lambda$newClient$2(RestClientTransportClientFactory.java:98)
	at org.springframework.http.client.ClientHttpRequestInterceptor.lambda$apply$0(ClientHttpRequestInterceptor.java:89)
	at org.springframework.http.client.InterceptingClientHttpRequest.executeInternal(InterceptingClientHttpRequest.java:73)
	at org.springframework.http.client.AbstractBufferingClientHttpRequest.executeInternal(AbstractBufferingClientHttpRequest.java:50)
	at org.springframework.http.client.AbstractClientHttpRequest.execute(AbstractClientHttpRequest.java:80)
	at org.springframework.web.client.DefaultRestClient$DefaultRequestBodyUriSpec.exchangeInternal(DefaultRestClient.java:614)
	... 24 more

2026-09-30 16:40:06 WARN  [DiscoveryClient-InstanceInfoReplicator-%d] c.n.d.s.t.d.RetryableEurekaHttpClient : Request execution failed with message: I/O error on POST request for "http://localhost:8761/eureka/apps/CONFIG-SERVER": Connect to http://localhost:8761 failed: Connection refused
2026-09-30 16:40:06 WARN  [DiscoveryClient-InstanceInfoReplicator-%d] c.netflix.discovery.DiscoveryClient : DiscoveryClient_CONFIG-SERVER/10.19.63.112:config-server:8079 - registration failed Cannot execute request on any known server
com.netflix.discovery.shared.transport.TransportException: Cannot execute request on any known server
	at com.netflix.discovery.shared.transport.decorator.RetryableEurekaHttpClient.execute(RetryableEurekaHttpClient.java:112)
	at com.netflix.discovery.shared.transport.decorator.EurekaHttpClientDecorator.register(EurekaHttpClientDecorator.java:56)
	at com.netflix.discovery.shared.transport.decorator.EurekaHttpClientDecorator$1.execute(EurekaHttpClientDecorator.java:59)
	at com.netflix.discovery.shared.transport.decorator.SessionedEurekaHttpClient.execute(SessionedEurekaHttpClient.java:76)
	at com.netflix.discovery.shared.transport.decorator.EurekaHttpClientDecorator.register(EurekaHttpClientDecorator.java:56)
	at com.netflix.discovery.DiscoveryClient.register(DiscoveryClient.java:828)
	at com.netflix.discovery.InstanceInfoReplicator.run(InstanceInfoReplicator.java:125)
	at com.netflix.discovery.InstanceInfoReplicator$2.run(InstanceInfoReplicator.java:105)
	at java.base/java.util.concurrent.Executors$RunnableAdapter.call(Executors.java:545)
	at java.base/java.util.concurrent.FutureTask.run(FutureTask.java:328)
	at java.base/java.util.concurrent.ScheduledThreadPoolExecutor$ScheduledFutureTask.run(ScheduledThreadPoolExecutor.java:309)
	at java.base/java.util.concurrent.ThreadPoolExecutor.runWorker(ThreadPoolExecutor.java:1090)
	at java.base/java.util.concurrent.ThreadPoolExecutor$Worker.run(ThreadPoolExecutor.java:614)
	at java.base/java.lang.Thread.run(Thread.java:1474)
2026-09-30 16:40:06 WARN  [DiscoveryClient-InstanceInfoReplicator-%d] c.n.discovery.InstanceInfoReplicator : There was a problem with the instance info replicator
com.netflix.discovery.shared.transport.TransportException: Cannot execute request on any known server
	at com.netflix.discovery.shared.transport.decorator.RetryableEurekaHttpClient.execute(RetryableEurekaHttpClient.java:112)
	at com.netflix.discovery.shared.transport.decorator.EurekaHttpClientDecorator.register(EurekaHttpClientDecorator.java:56)
	at com.netflix.discovery.shared.transport.decorator.EurekaHttpClientDecorator$1.execute(EurekaHttpClientDecorator.java:59)
	at com.netflix.discovery.shared.transport.decorator.SessionedEurekaHttpClient.execute(SessionedEurekaHttpClient.java:76)
	at com.netflix.discovery.shared.transport.decorator.EurekaHttpClientDecorator.register(EurekaHttpClientDecorator.java:56)
	at com.netflix.discovery.DiscoveryClient.register(DiscoveryClient.java:828)
	at com.netflix.discovery.InstanceInfoReplicator.run(InstanceInfoReplicator.java:125)
	at com.netflix.discovery.InstanceInfoReplicator$2.run(InstanceInfoReplicator.java:105)
	at java.base/java.util.concurrent.Executors$RunnableAdapter.call(Executors.java:545)
	at java.base/java.util.concurrent.FutureTask.run(FutureTask.java:328)
	at java.base/java.util.concurrent.ScheduledThreadPoolExecutor$ScheduledFutureTask.run(ScheduledThreadPoolExecutor.java:309)
	at java.base/java.util.concurrent.ThreadPoolExecutor.runWorker(ThreadPoolExecutor.java:1090)
	at java.base/java.util.concurrent.ThreadPoolExecutor$Worker.run(ThreadPoolExecutor.java:614)
	at java.base/java.lang.Thread.run(Thread.java:1474)
2026-09-30 16:40:08 INFO  [tomcat-shutdown] o.s.boot.tomcat.GracefulShutdown : Graceful shutdown complete
2026-09-30 16:40:08 INFO  [SpringApplicationShutdownHook] o.s.a.r.l.SimpleMessageListenerContainer : Waiting for workers to finish.
2026-09-30 16:40:08 INFO  [SpringApplicationShutdownHook] o.s.a.r.l.SimpleMessageListenerContainer : Successfully waited for workers to finish.
2026-09-30 16:40:08 INFO  [SpringApplicationShutdownHook] o.s.i.a.i.AmqpInboundChannelAdapter : stopped bean 'inbound.springCloudBus.anonymous.t1-0688iQX2f8pBkjDe8_A'
2026-09-30 16:40:08 INFO  [SpringApplicationShutdownHook] o.s.c.s.binder.BinderErrorChannel : Channel 'config-server.rabbit-817484272.springCloudBusInput.errors' has 1 subscriber(s).
2026-09-30 16:40:08 INFO  [SpringApplicationShutdownHook] o.s.c.s.binder.BinderErrorChannel : Channel 'config-server.rabbit-817484272.springCloudBusInput.errors' has 0 subscriber(s).
2026-09-30 16:40:08 INFO  [SpringApplicationShutdownHook] o.s.i.endpoint.EventDrivenConsumer : Removing {logging-channel-adapter:_org.springframework.integration.errorLogger} as a subscriber to the 'errorChannel' channel
2026-09-30 16:40:08 INFO  [SpringApplicationShutdownHook] o.s.i.c.PublishSubscribeChannel : Channel 'config-server.errorChannel' has 0 subscriber(s).
2026-09-30 16:40:08 INFO  [SpringApplicationShutdownHook] o.s.i.endpoint.EventDrivenConsumer : stopped bean '_org.springframework.integration.errorLogger'
2026-09-30 16:40:08 INFO  [SpringApplicationShutdownHook] c.netflix.discovery.DiscoveryClient : Shutting down DiscoveryClient ...
2026-09-30 16:41:14 INFO  [main] c.e.c.ConfigServerApplication : Starting ConfigServerApplication using Java 25.0.2 with PID 53062 (/Users/canzova/IdeaProjects/MicroDevops/config-server/target/classes started by canzova in /Users/canzova/IdeaProjects/MicroDevops)
2026-09-30 16:41:14 DEBUG [main] c.e.c.ConfigServerApplication : Running with Spring Boot v4.0.6, Spring v7.0.7
2026-09-30 16:41:14 INFO  [main] c.e.c.ConfigServerApplication : No active profile set, falling back to 1 default profile: "default"
2026-09-30 16:41:15 INFO  [main] o.s.i.c.DefaultConfiguringBeanFactoryPostProcessor : No bean named 'errorChannel' has been explicitly defined. Therefore, a default PublishSubscribeChannel will be created.
2026-09-30 16:41:15 INFO  [main] o.s.i.c.DefaultConfiguringBeanFactoryPostProcessor : No bean named 'integrationHeaderChannelRegistry' has been explicitly defined. Therefore, a default DefaultHeaderChannelRegistry will be created.
2026-09-30 16:41:15 INFO  [main] o.s.cloud.context.scope.GenericScope : BeanFactory id=689503fe-1cac-3ba2-bf6d-08870863b706
2026-09-30 16:41:15 INFO  [main] o.s.boot.tomcat.TomcatWebServer : Tomcat initialized with port 8079 (http)
2026-09-30 16:41:15 INFO  [main] o.a.catalina.core.StandardService : Starting service [Tomcat]
2026-09-30 16:41:15 INFO  [main] o.a.catalina.core.StandardEngine : Starting Servlet engine: [Apache Tomcat/11.0.21]
2026-09-30 16:41:15 INFO  [main] o.s.b.w.c.s.WebApplicationContextInitializer : Root WebApplicationContext: initialization completed in 899 ms
2026-09-30 16:41:16 INFO  [main] o.s.c.s.m.DirectWithAttributesChannel : Channel 'config-server.springCloudBusInput' has 1 subscriber(s).
2026-09-30 16:41:16 INFO  [main] o.s.c.n.e.c.DiscoveryClientOptionalArgsConfiguration : Eureka HTTP Client uses RestClient.
2026-09-30 16:41:16 WARN  [main] o.s.c.l.c.LoadBalancerCacheAutoConfiguration$LoadBalancerCaffeineWarnLogger : Spring Cloud LoadBalancer is currently working with the default cache. While this cache implementation is useful for development and tests, it's recommended to use Caffeine cache in production.You can switch to using Caffeine cache, by adding it and org.springframework.cache.caffeine.CaffeineCacheManager to the classpath.
2026-09-30 16:41:16 INFO  [main] o.s.b.a.e.web.EndpointLinksResolver : Exposing 25 endpoints beneath base path '/actuator'
2026-09-30 16:41:16 INFO  [main] o.s.i.endpoint.EventDrivenConsumer : Adding {logging-channel-adapter:_org.springframework.integration.errorLogger} as a subscriber to the 'errorChannel' channel
2026-09-30 16:41:16 INFO  [main] o.s.i.c.PublishSubscribeChannel : Channel 'config-server.errorChannel' has 1 subscriber(s).
2026-09-30 16:41:16 INFO  [main] o.s.i.endpoint.EventDrivenConsumer : started bean '_org.springframework.integration.errorLogger'
2026-09-30 16:41:16 INFO  [main] o.s.c.n.eureka.InstanceInfoFactory : Setting initial instance status as: STARTING
2026-09-30 16:41:16 INFO  [main] c.netflix.discovery.DiscoveryClient : Initializing Eureka in region us-east-1
2026-09-30 16:41:16 INFO  [main] c.n.d.s.r.aws.ConfigClusterResolver : Resolving eureka endpoints via configuration
2026-09-30 16:41:16 INFO  [main] c.netflix.discovery.DiscoveryClient : Disable delta property : false
2026-09-30 16:41:16 INFO  [main] c.netflix.discovery.DiscoveryClient : Single vip registry refresh property : null
2026-09-30 16:41:16 INFO  [main] c.netflix.discovery.DiscoveryClient : Force full registry fetch : false
2026-09-30 16:41:16 INFO  [main] c.netflix.discovery.DiscoveryClient : Application is null : false
2026-09-30 16:41:16 INFO  [main] c.netflix.discovery.DiscoveryClient : Registered Applications size is zero : true
2026-09-30 16:41:16 INFO  [main] c.netflix.discovery.DiscoveryClient : Application version is -1: true
2026-09-30 16:41:16 INFO  [main] c.netflix.discovery.DiscoveryClient : Getting all instance registry info from the eureka server
2026-09-30 16:41:16 INFO  [main] c.netflix.discovery.DiscoveryClient : The response status is 200
2026-09-30 16:41:16 INFO  [main] c.netflix.discovery.DiscoveryClient : Starting heartbeat executor: renew interval is: 30
2026-09-30 16:41:16 INFO  [main] c.n.discovery.InstanceInfoReplicator : InstanceInfoReplicator onDemand update allowed rate per min is 4
2026-09-30 16:41:16 INFO  [main] c.netflix.discovery.DiscoveryClient : Discovery Client initialized at timestamp 1790766676912 with initial instances count: 0
2026-09-30 16:41:16 INFO  [main] o.s.c.n.e.s.EurekaServiceRegistry : Registering application CONFIG-SERVER with eureka with status UP
2026-09-30 16:41:16 INFO  [main] c.netflix.discovery.DiscoveryClient : Saw local status change event StatusChangeEvent [timestamp=1790766676914, current=UP, previous=STARTING]
2026-09-30 16:41:16 INFO  [DiscoveryClient-InstanceInfoReplicator-%d] c.netflix.discovery.DiscoveryClient : DiscoveryClient_CONFIG-SERVER/10.19.63.112:config-server:8079: registering service...
2026-09-30 16:41:16 INFO  [main] o.s.c.s.binder.DefaultBinderFactory : Creating binder: rabbit
2026-09-30 16:41:16 INFO  [main] o.s.c.s.binder.DefaultBinderFactory : Constructing binder child context for rabbit
2026-09-30 16:41:16 INFO  [main] o.s.c.s.binder.DefaultBinderFactory : Caching the binder: rabbit
2026-09-30 16:41:16 INFO  [main] o.s.c.s.b.r.p.RabbitExchangeQueueProvisioner : declaring queue for inbound: springCloudBus.anonymous.YsiVV77vRMCDruxDRK7D8A, bound to: springCloudBus
2026-09-30 16:41:16 INFO  [main] o.s.a.r.c.CachingConnectionFactory : Attempting to connect to: [localhost:5672]
2026-09-30 16:41:16 INFO  [DiscoveryClient-InstanceInfoReplicator-%d] c.netflix.discovery.DiscoveryClient : DiscoveryClient_CONFIG-SERVER/10.19.63.112:config-server:8079 - registration status: 204
2026-09-30 16:41:17 INFO  [main] o.s.a.r.c.CachingConnectionFactory : Created new connection: rabbitConnectionFactory#26107e6d:0/SimpleConnection@29bbb270 [delegate=amqp://user@127.0.0.1:5672/, localPort=57845]
2026-09-30 16:41:17 INFO  [main] o.s.c.s.binder.BinderErrorChannel : Channel 'rabbit-896870607.springCloudBusInput.errors' has 1 subscriber(s).
2026-09-30 16:41:17 INFO  [main] o.s.c.s.binder.BinderErrorChannel : Channel 'rabbit-896870607.springCloudBusInput.errors' has 2 subscriber(s).
2026-09-30 16:41:17 INFO  [main] o.s.i.a.i.AmqpInboundChannelAdapter : started bean 'inbound.springCloudBus.anonymous.YsiVV77vRMCDruxDRK7D8A'
2026-09-30 16:41:17 INFO  [main] o.s.boot.tomcat.TomcatWebServer : Tomcat started on port 8079 (http) with context path '/'
2026-09-30 16:41:17 INFO  [main] o.s.c.n.e.s.EurekaAutoServiceRegistration : Updating port to 8079
2026-09-30 16:41:17 INFO  [main] c.e.c.ConfigServerApplication : Started ConfigServerApplication in 2.626 seconds (process running for 3.963)
2026-09-30 16:41:26 INFO  [http-nio-8079-exec-1] o.a.c.c.C.[Tomcat].[localhost].[/] : Initializing Spring DispatcherServlet 'dispatcherServlet'
2026-09-30 16:41:26 INFO  [http-nio-8079-exec-1] o.s.web.servlet.DispatcherServlet : Initializing Servlet 'dispatcherServlet'
2026-09-30 16:41:26 INFO  [http-nio-8079-exec-1] o.s.web.servlet.DispatcherServlet : Completed initialization in 2 ms
2026-09-30 16:41:33 INFO  [http-nio-8079-exec-1] o.s.c.c.s.e.NativeEnvironmentRepository : Adding property source: Config resource 'file [/var/folders/m9/j9b34q7947vb44s6t3tgxk6h0000gn/T/config-repo-13266626647736578797/api-gateway.properties]' via location 'file:/var/folders/m9/j9b34q7947vb44s6t3tgxk6h0000gn/T/config-repo-13266626647736578797/'
2026-09-30 16:41:33 INFO  [http-nio-8079-exec-1] o.s.c.c.s.e.NativeEnvironmentRepository : Adding property source: Config resource 'file [/var/folders/m9/j9b34q7947vb44s6t3tgxk6h0000gn/T/config-repo-13266626647736578797/application.properties]' via location 'file:/var/folders/m9/j9b34q7947vb44s6t3tgxk6h0000gn/T/config-repo-13266626647736578797/'
2026-09-30 16:41:46 INFO  [DiscoveryClient-CacheRefreshExecutor-%d] c.netflix.discovery.DiscoveryClient : Disable delta property : false
2026-09-30 16:41:46 INFO  [DiscoveryClient-CacheRefreshExecutor-%d] c.netflix.discovery.DiscoveryClient : Single vip registry refresh property : null
2026-09-30 16:41:46 INFO  [DiscoveryClient-CacheRefreshExecutor-%d] c.netflix.discovery.DiscoveryClient : Force full registry fetch : false
2026-09-30 16:41:46 INFO  [DiscoveryClient-CacheRefreshExecutor-%d] c.netflix.discovery.DiscoveryClient : Application is null : false
2026-09-30 16:41:46 INFO  [DiscoveryClient-CacheRefreshExecutor-%d] c.netflix.discovery.DiscoveryClient : Registered Applications size is zero : true
2026-09-30 16:41:46 INFO  [DiscoveryClient-CacheRefreshExecutor-%d] c.netflix.discovery.DiscoveryClient : Application version is -1: false
2026-09-30 16:41:46 INFO  [DiscoveryClient-CacheRefreshExecutor-%d] c.netflix.discovery.DiscoveryClient : Getting all instance registry info from the eureka server
2026-09-30 16:41:46 INFO  [DiscoveryClient-CacheRefreshExecutor-%d] c.netflix.discovery.DiscoveryClient : The response status is 200
2026-09-30 16:42:40 INFO  [SpringApplicationShutdownHook] o.s.c.n.e.s.EurekaServiceRegistry : Unregistering application CONFIG-SERVER with eureka with status DOWN
2026-09-30 16:42:40 INFO  [SpringApplicationShutdownHook] c.netflix.discovery.DiscoveryClient : Saw local status change event StatusChangeEvent [timestamp=1790766760376, current=DOWN, previous=UP]
2026-09-30 16:42:40 INFO  [DiscoveryClient-InstanceInfoReplicator-%d] c.netflix.discovery.DiscoveryClient : DiscoveryClient_CONFIG-SERVER/10.19.63.112:config-server:8079: registering service...
2026-09-30 16:42:40 INFO  [SpringApplicationShutdownHook] o.s.boot.tomcat.GracefulShutdown : Commencing graceful shutdown. Waiting for active requests to complete
2026-09-30 16:42:40 INFO  [DiscoveryClient-InstanceInfoReplicator-%d] c.netflix.discovery.DiscoveryClient : DiscoveryClient_CONFIG-SERVER/10.19.63.112:config-server:8079 - registration status: 204
2026-09-30 16:42:42 INFO  [tomcat-shutdown] o.s.boot.tomcat.GracefulShutdown : Graceful shutdown complete
2026-09-30 16:42:42 INFO  [SpringApplicationShutdownHook] o.s.a.r.l.SimpleMessageListenerContainer : Waiting for workers to finish.
2026-09-30 16:42:43 INFO  [SpringApplicationShutdownHook] o.s.a.r.l.SimpleMessageListenerContainer : Successfully waited for workers to finish.
2026-09-30 16:42:43 INFO  [SpringApplicationShutdownHook] o.s.i.a.i.AmqpInboundChannelAdapter : stopped bean 'inbound.springCloudBus.anonymous.YsiVV77vRMCDruxDRK7D8A'
2026-09-30 16:42:43 INFO  [SpringApplicationShutdownHook] o.s.c.s.binder.BinderErrorChannel : Channel 'config-server.rabbit-896870607.springCloudBusInput.errors' has 1 subscriber(s).
2026-09-30 16:42:43 INFO  [SpringApplicationShutdownHook] o.s.c.s.binder.BinderErrorChannel : Channel 'config-server.rabbit-896870607.springCloudBusInput.errors' has 0 subscriber(s).
2026-09-30 16:42:43 INFO  [SpringApplicationShutdownHook] o.s.i.endpoint.EventDrivenConsumer : Removing {logging-channel-adapter:_org.springframework.integration.errorLogger} as a subscriber to the 'errorChannel' channel
2026-09-30 16:42:43 INFO  [SpringApplicationShutdownHook] o.s.i.c.PublishSubscribeChannel : Channel 'config-server.errorChannel' has 0 subscriber(s).
2026-09-30 16:42:43 INFO  [SpringApplicationShutdownHook] o.s.i.endpoint.EventDrivenConsumer : stopped bean '_org.springframework.integration.errorLogger'
2026-09-30 16:42:43 INFO  [SpringApplicationShutdownHook] c.netflix.discovery.DiscoveryClient : Shutting down DiscoveryClient ...
2026-09-30 16:42:46 INFO  [SpringApplicationShutdownHook] c.netflix.discovery.DiscoveryClient : Unregistering ...
2026-09-30 16:42:46 INFO  [SpringApplicationShutdownHook] c.netflix.discovery.DiscoveryClient : DiscoveryClient_CONFIG-SERVER/10.19.63.112:config-server:8079 - deregister  status: 200
2026-09-30 16:42:46 INFO  [SpringApplicationShutdownHook] c.netflix.discovery.DiscoveryClient : Completed shut down of DiscoveryClient
2026-09-30 16:42:48 INFO  [main] c.e.c.ConfigServerApplication : Starting ConfigServerApplication using Java 25.0.2 with PID 53318 (/Users/canzova/IdeaProjects/MicroDevops/config-server/target/classes started by canzova in /Users/canzova/IdeaProjects/MicroDevops)
2026-09-30 16:42:48 DEBUG [main] c.e.c.ConfigServerApplication : Running with Spring Boot v4.0.6, Spring v7.0.7
2026-09-30 16:42:48 INFO  [main] c.e.c.ConfigServerApplication : No active profile set, falling back to 1 default profile: "default"
2026-09-30 16:42:49 INFO  [main] o.s.i.c.DefaultConfiguringBeanFactoryPostProcessor : No bean named 'errorChannel' has been explicitly defined. Therefore, a default PublishSubscribeChannel will be created.
2026-09-30 16:42:49 INFO  [main] o.s.i.c.DefaultConfiguringBeanFactoryPostProcessor : No bean named 'integrationHeaderChannelRegistry' has been explicitly defined. Therefore, a default DefaultHeaderChannelRegistry will be created.
2026-09-30 16:42:49 INFO  [main] o.s.cloud.context.scope.GenericScope : BeanFactory id=689503fe-1cac-3ba2-bf6d-08870863b706
2026-09-30 16:42:49 INFO  [main] o.s.boot.tomcat.TomcatWebServer : Tomcat initialized with port 8079 (http)
2026-09-30 16:42:49 INFO  [main] o.a.catalina.core.StandardService : Starting service [Tomcat]
2026-09-30 16:42:49 INFO  [main] o.a.catalina.core.StandardEngine : Starting Servlet engine: [Apache Tomcat/11.0.21]
2026-09-30 16:42:49 INFO  [main] o.s.b.w.c.s.WebApplicationContextInitializer : Root WebApplicationContext: initialization completed in 866 ms
2026-09-30 16:42:50 INFO  [main] o.s.c.s.m.DirectWithAttributesChannel : Channel 'config-server.springCloudBusInput' has 1 subscriber(s).
2026-09-30 16:42:50 INFO  [main] o.s.c.n.e.c.DiscoveryClientOptionalArgsConfiguration : Eureka HTTP Client uses RestClient.
2026-09-30 16:42:50 WARN  [main] o.s.c.l.c.LoadBalancerCacheAutoConfiguration$LoadBalancerCaffeineWarnLogger : Spring Cloud LoadBalancer is currently working with the default cache. While this cache implementation is useful for development and tests, it's recommended to use Caffeine cache in production.You can switch to using Caffeine cache, by adding it and org.springframework.cache.caffeine.CaffeineCacheManager to the classpath.
2026-09-30 16:42:50 INFO  [main] o.s.b.a.e.web.EndpointLinksResolver : Exposing 25 endpoints beneath base path '/actuator'
2026-09-30 16:42:50 INFO  [main] o.s.i.endpoint.EventDrivenConsumer : Adding {logging-channel-adapter:_org.springframework.integration.errorLogger} as a subscriber to the 'errorChannel' channel
2026-09-30 16:42:50 INFO  [main] o.s.i.c.PublishSubscribeChannel : Channel 'config-server.errorChannel' has 1 subscriber(s).
2026-09-30 16:42:50 INFO  [main] o.s.i.endpoint.EventDrivenConsumer : started bean '_org.springframework.integration.errorLogger'
2026-09-30 16:42:50 INFO  [main] o.s.c.n.eureka.InstanceInfoFactory : Setting initial instance status as: STARTING
2026-09-30 16:42:50 INFO  [main] c.netflix.discovery.DiscoveryClient : Initializing Eureka in region us-east-1
2026-09-30 16:42:50 INFO  [main] c.n.d.s.r.aws.ConfigClusterResolver : Resolving eureka endpoints via configuration
2026-09-30 16:42:50 INFO  [main] c.netflix.discovery.DiscoveryClient : Disable delta property : false
2026-09-30 16:42:50 INFO  [main] c.netflix.discovery.DiscoveryClient : Single vip registry refresh property : null
2026-09-30 16:42:50 INFO  [main] c.netflix.discovery.DiscoveryClient : Force full registry fetch : false
2026-09-30 16:42:50 INFO  [main] c.netflix.discovery.DiscoveryClient : Application is null : false
2026-09-30 16:42:50 INFO  [main] c.netflix.discovery.DiscoveryClient : Registered Applications size is zero : true
2026-09-30 16:42:50 INFO  [main] c.netflix.discovery.DiscoveryClient : Application version is -1: true
2026-09-30 16:42:50 INFO  [main] c.netflix.discovery.DiscoveryClient : Getting all instance registry info from the eureka server
2026-09-30 16:42:50 INFO  [main] c.netflix.discovery.DiscoveryClient : The response status is 200
2026-09-30 16:42:50 INFO  [main] c.netflix.discovery.DiscoveryClient : Starting heartbeat executor: renew interval is: 30
2026-09-30 16:42:50 INFO  [main] c.n.discovery.InstanceInfoReplicator : InstanceInfoReplicator onDemand update allowed rate per min is 4
2026-09-30 16:42:50 INFO  [main] c.netflix.discovery.DiscoveryClient : Discovery Client initialized at timestamp 1790766770752 with initial instances count: 0
2026-09-30 16:42:50 INFO  [main] o.s.c.n.e.s.EurekaServiceRegistry : Registering application CONFIG-SERVER with eureka with status UP
2026-09-30 16:42:50 INFO  [main] c.netflix.discovery.DiscoveryClient : Saw local status change event StatusChangeEvent [timestamp=1790766770756, current=UP, previous=STARTING]
2026-09-30 16:42:50 INFO  [DiscoveryClient-InstanceInfoReplicator-%d] c.netflix.discovery.DiscoveryClient : DiscoveryClient_CONFIG-SERVER/10.19.63.112:config-server:8079: registering service...
2026-09-30 16:42:50 INFO  [main] o.s.c.s.binder.DefaultBinderFactory : Creating binder: rabbit
2026-09-30 16:42:50 INFO  [main] o.s.c.s.binder.DefaultBinderFactory : Constructing binder child context for rabbit
2026-09-30 16:42:50 INFO  [DiscoveryClient-InstanceInfoReplicator-%d] c.netflix.discovery.DiscoveryClient : DiscoveryClient_CONFIG-SERVER/10.19.63.112:config-server:8079 - registration status: 204
2026-09-30 16:42:50 INFO  [main] o.s.c.s.binder.DefaultBinderFactory : Caching the binder: rabbit
2026-09-30 16:42:50 INFO  [main] o.s.c.s.b.r.p.RabbitExchangeQueueProvisioner : declaring queue for inbound: springCloudBus.anonymous.4KgIFi1FQhOChgu946DIow, bound to: springCloudBus
2026-09-30 16:42:50 INFO  [main] o.s.a.r.c.CachingConnectionFactory : Attempting to connect to: [localhost:5672]
2026-09-30 16:42:50 INFO  [main] o.s.a.r.c.CachingConnectionFactory : Created new connection: rabbitConnectionFactory#26107e6d:0/SimpleConnection@35af404f [delegate=amqp://user@127.0.0.1:5672/, localPort=58035]
2026-09-30 16:42:50 INFO  [main] o.s.c.s.binder.BinderErrorChannel : Channel 'rabbit-22842519.springCloudBusInput.errors' has 1 subscriber(s).
2026-09-30 16:42:50 INFO  [main] o.s.c.s.binder.BinderErrorChannel : Channel 'rabbit-22842519.springCloudBusInput.errors' has 2 subscriber(s).
2026-09-30 16:42:50 INFO  [main] o.s.i.a.i.AmqpInboundChannelAdapter : started bean 'inbound.springCloudBus.anonymous.4KgIFi1FQhOChgu946DIow'
2026-09-30 16:42:50 INFO  [main] o.s.boot.tomcat.TomcatWebServer : Tomcat started on port 8079 (http) with context path '/'
2026-09-30 16:42:50 INFO  [main] o.s.c.n.e.s.EurekaAutoServiceRegistration : Updating port to 8079
2026-09-30 16:42:50 INFO  [main] c.e.c.ConfigServerApplication : Started ConfigServerApplication in 2.61 seconds (process running for 3.892)
2026-09-30 16:42:51 INFO  [http-nio-8079-exec-1] o.a.c.c.C.[Tomcat].[localhost].[/] : Initializing Spring DispatcherServlet 'dispatcherServlet'
2026-09-30 16:42:51 INFO  [http-nio-8079-exec-1] o.s.web.servlet.DispatcherServlet : Initializing Servlet 'dispatcherServlet'
2026-09-30 16:42:51 INFO  [http-nio-8079-exec-1] o.s.web.servlet.DispatcherServlet : Completed initialization in 1 ms
2026-09-30 16:42:57 INFO  [http-nio-8079-exec-1] o.s.c.c.s.e.NativeEnvironmentRepository : Adding property source: Config resource 'file [/var/folders/m9/j9b34q7947vb44s6t3tgxk6h0000gn/T/config-repo-13490630118900955531/api-gateway.properties]' via location 'file:/var/folders/m9/j9b34q7947vb44s6t3tgxk6h0000gn/T/config-repo-13490630118900955531/'
2026-09-30 16:42:57 INFO  [http-nio-8079-exec-1] o.s.c.c.s.e.NativeEnvironmentRepository : Adding property source: Config resource 'file [/var/folders/m9/j9b34q7947vb44s6t3tgxk6h0000gn/T/config-repo-13490630118900955531/application.properties]' via location 'file:/var/folders/m9/j9b34q7947vb44s6t3tgxk6h0000gn/T/config-repo-13490630118900955531/'
2026-09-30 16:43:16 INFO  [http-nio-8079-exec-3] o.s.c.c.s.e.NativeEnvironmentRepository : Adding property source: Config resource 'file [/var/folders/m9/j9b34q7947vb44s6t3tgxk6h0000gn/T/config-repo-13490630118900955531/cart-order-service.properties]' via location 'file:/var/folders/m9/j9b34q7947vb44s6t3tgxk6h0000gn/T/config-repo-13490630118900955531/'
2026-09-30 16:43:16 INFO  [http-nio-8079-exec-3] o.s.c.c.s.e.NativeEnvironmentRepository : Adding property source: Config resource 'file [/var/folders/m9/j9b34q7947vb44s6t3tgxk6h0000gn/T/config-repo-13490630118900955531/application.properties]' via location 'file:/var/folders/m9/j9b34q7947vb44s6t3tgxk6h0000gn/T/config-repo-13490630118900955531/'
2026-09-30 16:43:20 INFO  [http-nio-8079-exec-4] o.s.c.c.s.e.NativeEnvironmentRepository : Adding property source: Config resource 'file [/var/folders/m9/j9b34q7947vb44s6t3tgxk6h0000gn/T/config-repo-13490630118900955531/inventory-service.properties]' via location 'file:/var/folders/m9/j9b34q7947vb44s6t3tgxk6h0000gn/T/config-repo-13490630118900955531/'
2026-09-30 16:43:20 INFO  [http-nio-8079-exec-4] o.s.c.c.s.e.NativeEnvironmentRepository : Adding property source: Config resource 'file [/var/folders/m9/j9b34q7947vb44s6t3tgxk6h0000gn/T/config-repo-13490630118900955531/application.properties]' via location 'file:/var/folders/m9/j9b34q7947vb44s6t3tgxk6h0000gn/T/config-repo-13490630118900955531/'
2026-09-30 16:43:20 INFO  [DiscoveryClient-CacheRefreshExecutor-%d] c.netflix.discovery.DiscoveryClient : Disable delta property : false
2026-09-30 16:43:20 INFO  [DiscoveryClient-CacheRefreshExecutor-%d] c.netflix.discovery.DiscoveryClient : Single vip registry refresh property : null
2026-09-30 16:43:20 INFO  [DiscoveryClient-CacheRefreshExecutor-%d] c.netflix.discovery.DiscoveryClient : Force full registry fetch : false
2026-09-30 16:43:20 INFO  [DiscoveryClient-CacheRefreshExecutor-%d] c.netflix.discovery.DiscoveryClient : Application is null : false
2026-09-30 16:43:20 INFO  [DiscoveryClient-CacheRefreshExecutor-%d] c.netflix.discovery.DiscoveryClient : Registered Applications size is zero : true
2026-09-30 16:43:20 INFO  [DiscoveryClient-CacheRefreshExecutor-%d] c.netflix.discovery.DiscoveryClient : Application version is -1: false
2026-09-30 16:43:20 INFO  [DiscoveryClient-CacheRefreshExecutor-%d] c.netflix.discovery.DiscoveryClient : Getting all instance registry info from the eureka server
2026-09-30 16:43:20 INFO  [DiscoveryClient-CacheRefreshExecutor-%d] c.netflix.discovery.DiscoveryClient : The response status is 200
2026-09-30 16:43:24 INFO  [http-nio-8079-exec-7] o.s.c.c.s.e.NativeEnvironmentRepository : Adding property source: Config resource 'file [/var/folders/m9/j9b34q7947vb44s6t3tgxk6h0000gn/T/config-repo-13490630118900955531/product-category-service.properties]' via location 'file:/var/folders/m9/j9b34q7947vb44s6t3tgxk6h0000gn/T/config-repo-13490630118900955531/'
2026-09-30 16:43:24 INFO  [http-nio-8079-exec-7] o.s.c.c.s.e.NativeEnvironmentRepository : Adding property source: Config resource 'file [/var/folders/m9/j9b34q7947vb44s6t3tgxk6h0000gn/T/config-repo-13490630118900955531/application.properties]' via location 'file:/var/folders/m9/j9b34q7947vb44s6t3tgxk6h0000gn/T/config-repo-13490630118900955531/'
2026-09-30 16:43:27 INFO  [http-nio-8079-exec-8] o.s.c.c.s.e.NativeEnvironmentRepository : Adding property source: Config resource 'file [/var/folders/m9/j9b34q7947vb44s6t3tgxk6h0000gn/T/config-repo-13490630118900955531/product-category-service-dev.properties]' via location 'file:/var/folders/m9/j9b34q7947vb44s6t3tgxk6h0000gn/T/config-repo-13490630118900955531/'
2026-09-30 16:43:27 INFO  [http-nio-8079-exec-8] o.s.c.c.s.e.NativeEnvironmentRepository : Adding property source: Config resource 'file [/var/folders/m9/j9b34q7947vb44s6t3tgxk6h0000gn/T/config-repo-13490630118900955531/product-category-service.properties]' via location 'file:/var/folders/m9/j9b34q7947vb44s6t3tgxk6h0000gn/T/config-repo-13490630118900955531/'
2026-09-30 16:43:27 INFO  [http-nio-8079-exec-8] o.s.c.c.s.e.NativeEnvironmentRepository : Adding property source: Config resource 'file [/var/folders/m9/j9b34q7947vb44s6t3tgxk6h0000gn/T/config-repo-13490630118900955531/application.properties]' via location 'file:/var/folders/m9/j9b34q7947vb44s6t3tgxk6h0000gn/T/config-repo-13490630118900955531/'
2026-09-30 16:43:30 INFO  [http-nio-8079-exec-9] o.s.c.c.s.e.NativeEnvironmentRepository : Adding property source: Config resource 'file [/var/folders/m9/j9b34q7947vb44s6t3tgxk6h0000gn/T/config-repo-13490630118900955531/user-service.properties]' via location 'file:/var/folders/m9/j9b34q7947vb44s6t3tgxk6h0000gn/T/config-repo-13490630118900955531/'
2026-09-30 16:43:30 INFO  [http-nio-8079-exec-9] o.s.c.c.s.e.NativeEnvironmentRepository : Adding property source: Config resource 'file [/var/folders/m9/j9b34q7947vb44s6t3tgxk6h0000gn/T/config-repo-13490630118900955531/application.properties]' via location 'file:/var/folders/m9/j9b34q7947vb44s6t3tgxk6h0000gn/T/config-repo-13490630118900955531/'
2026-09-30 16:43:35 INFO  [http-nio-8079-exec-10] o.s.c.c.s.e.NativeEnvironmentRepository : Adding property source: Config resource 'file [/var/folders/m9/j9b34q7947vb44s6t3tgxk6h0000gn/T/config-repo-13490630118900955531/cart-order-service.properties]' via location 'file:/var/folders/m9/j9b34q7947vb44s6t3tgxk6h0000gn/T/config-repo-13490630118900955531/'
2026-09-30 16:43:35 INFO  [http-nio-8079-exec-10] o.s.c.c.s.e.NativeEnvironmentRepository : Adding property source: Config resource 'file [/var/folders/m9/j9b34q7947vb44s6t3tgxk6h0000gn/T/config-repo-13490630118900955531/application.properties]' via location 'file:/var/folders/m9/j9b34q7947vb44s6t3tgxk6h0000gn/T/config-repo-13490630118900955531/'
2026-09-30 16:45:37 INFO  [http-nio-8079-exec-6] o.s.c.c.s.e.NativeEnvironmentRepository : Adding property source: Config resource 'file [/var/folders/m9/j9b34q7947vb44s6t3tgxk6h0000gn/T/config-repo-13490630118900955531/cart-order-service.properties]' via location 'file:/var/folders/m9/j9b34q7947vb44s6t3tgxk6h0000gn/T/config-repo-13490630118900955531/'
2026-09-30 16:45:37 INFO  [http-nio-8079-exec-6] o.s.c.c.s.e.NativeEnvironmentRepository : Adding property source: Config resource 'file [/var/folders/m9/j9b34q7947vb44s6t3tgxk6h0000gn/T/config-repo-13490630118900955531/application.properties]' via location 'file:/var/folders/m9/j9b34q7947vb44s6t3tgxk6h0000gn/T/config-repo-13490630118900955531/'
2026-09-30 16:47:50 INFO  [AsyncResolver-bootstrap-executor-%d] c.n.d.s.r.aws.ConfigClusterResolver : Resolving eureka endpoints via configuration
2026-09-30 16:48:26 INFO  [http-nio-8079-exec-8] o.s.c.c.s.e.NativeEnvironmentRepository : Adding property source: Config resource 'file [/var/folders/m9/j9b34q7947vb44s6t3tgxk6h0000gn/T/config-repo-13490630118900955531/cart-order-service.properties]' via location 'file:/var/folders/m9/j9b34q7947vb44s6t3tgxk6h0000gn/T/config-repo-13490630118900955531/'
2026-09-30 16:48:26 INFO  [http-nio-8079-exec-8] o.s.c.c.s.e.NativeEnvironmentRepository : Adding property source: Config resource 'file [/var/folders/m9/j9b34q7947vb44s6t3tgxk6h0000gn/T/config-repo-13490630118900955531/application.properties]' via location 'file:/var/folders/m9/j9b34q7947vb44s6t3tgxk6h0000gn/T/config-repo-13490630118900955531/'
2026-09-30 16:50:35 INFO  [http-nio-8079-exec-8] o.s.c.c.s.e.NativeEnvironmentRepository : Adding property source: Config resource 'file [/var/folders/m9/j9b34q7947vb44s6t3tgxk6h0000gn/T/config-repo-13490630118900955531/cart-order-service.properties]' via location 'file:/var/folders/m9/j9b34q7947vb44s6t3tgxk6h0000gn/T/config-repo-13490630118900955531/'
2026-09-30 16:50:35 INFO  [http-nio-8079-exec-8] o.s.c.c.s.e.NativeEnvironmentRepository : Adding property source: Config resource 'file [/var/folders/m9/j9b34q7947vb44s6t3tgxk6h0000gn/T/config-repo-13490630118900955531/application.properties]' via location 'file:/var/folders/m9/j9b34q7947vb44s6t3tgxk6h0000gn/T/config-repo-13490630118900955531/'
2026-09-30 16:51:25 INFO  [http-nio-8079-exec-5] o.s.c.c.s.e.NativeEnvironmentRepository : Adding property source: Config resource 'file [/var/folders/m9/j9b34q7947vb44s6t3tgxk6h0000gn/T/config-repo-13490630118900955531/cart-order-service.properties]' via location 'file:/var/folders/m9/j9b34q7947vb44s6t3tgxk6h0000gn/T/config-repo-13490630118900955531/'
2026-09-30 16:51:25 INFO  [http-nio-8079-exec-5] o.s.c.c.s.e.NativeEnvironmentRepository : Adding property source: Config resource 'file [/var/folders/m9/j9b34q7947vb44s6t3tgxk6h0000gn/T/config-repo-13490630118900955531/application.properties]' via location 'file:/var/folders/m9/j9b34q7947vb44s6t3tgxk6h0000gn/T/config-repo-13490630118900955531/'
2026-09-30 16:52:50 INFO  [AsyncResolver-bootstrap-executor-%d] c.n.d.s.r.aws.ConfigClusterResolver : Resolving eureka endpoints via configuration
2026-09-30 16:55:42 INFO  [http-nio-8079-exec-3] o.s.c.c.s.e.NativeEnvironmentRepository : Adding property source: Config resource 'file [/var/folders/m9/j9b34q7947vb44s6t3tgxk6h0000gn/T/config-repo-13490630118900955531/cart-order-service.properties]' via location 'file:/var/folders/m9/j9b34q7947vb44s6t3tgxk6h0000gn/T/config-repo-13490630118900955531/'
2026-09-30 16:55:42 INFO  [http-nio-8079-exec-3] o.s.c.c.s.e.NativeEnvironmentRepository : Adding property source: Config resource 'file [/var/folders/m9/j9b34q7947vb44s6t3tgxk6h0000gn/T/config-repo-13490630118900955531/application.properties]' via location 'file:/var/folders/m9/j9b34q7947vb44s6t3tgxk6h0000gn/T/config-repo-13490630118900955531/'
2026-09-30 16:56:05 INFO  [http-nio-8079-exec-4] o.s.c.c.s.e.NativeEnvironmentRepository : Adding property source: Config resource 'file [/var/folders/m9/j9b34q7947vb44s6t3tgxk6h0000gn/T/config-repo-13490630118900955531/cart-order-service.properties]' via location 'file:/var/folders/m9/j9b34q7947vb44s6t3tgxk6h0000gn/T/config-repo-13490630118900955531/'
2026-09-30 16:56:05 INFO  [http-nio-8079-exec-4] o.s.c.c.s.e.NativeEnvironmentRepository : Adding property source: Config resource 'file [/var/folders/m9/j9b34q7947vb44s6t3tgxk6h0000gn/T/config-repo-13490630118900955531/application.properties]' via location 'file:/var/folders/m9/j9b34q7947vb44s6t3tgxk6h0000gn/T/config-repo-13490630118900955531/'
2026-09-30 16:56:45 INFO  [http-nio-8079-exec-1] o.s.c.c.s.e.NativeEnvironmentRepository : Adding property source: Config resource 'file [/var/folders/m9/j9b34q7947vb44s6t3tgxk6h0000gn/T/config-repo-13490630118900955531/payment-service.properties]' via location 'file:/var/folders/m9/j9b34q7947vb44s6t3tgxk6h0000gn/T/config-repo-13490630118900955531/'
2026-09-30 16:56:45 INFO  [http-nio-8079-exec-1] o.s.c.c.s.e.NativeEnvironmentRepository : Adding property source: Config resource 'file [/var/folders/m9/j9b34q7947vb44s6t3tgxk6h0000gn/T/config-repo-13490630118900955531/application.properties]' via location 'file:/var/folders/m9/j9b34q7947vb44s6t3tgxk6h0000gn/T/config-repo-13490630118900955531/'
2026-09-30 16:56:47 INFO  [http-nio-8079-exec-10] o.s.c.c.s.e.NativeEnvironmentRepository : Adding property source: Config resource 'file [/var/folders/m9/j9b34q7947vb44s6t3tgxk6h0000gn/T/config-repo-13490630118900955531/payment-service.properties]' via location 'file:/var/folders/m9/j9b34q7947vb44s6t3tgxk6h0000gn/T/config-repo-13490630118900955531/'
2026-09-30 16:56:47 INFO  [http-nio-8079-exec-10] o.s.c.c.s.e.NativeEnvironmentRepository : Adding property source: Config resource 'file [/var/folders/m9/j9b34q7947vb44s6t3tgxk6h0000gn/T/config-repo-13490630118900955531/application.properties]' via location 'file:/var/folders/m9/j9b34q7947vb44s6t3tgxk6h0000gn/T/config-repo-13490630118900955531/'
2026-09-30 16:57:50 INFO  [AsyncResolver-bootstrap-executor-%d] c.n.d.s.r.aws.ConfigClusterResolver : Resolving eureka endpoints via configuration
2026-09-30 17:02:50 INFO  [AsyncResolver-bootstrap-executor-%d] c.n.d.s.r.aws.ConfigClusterResolver : Resolving eureka endpoints via configuration
2026-09-30 17:07:50 INFO  [AsyncResolver-bootstrap-executor-%d] c.n.d.s.r.aws.ConfigClusterResolver : Resolving eureka endpoints via configuration
2026-09-30 17:12:50 INFO  [AsyncResolver-bootstrap-executor-%d] c.n.d.s.r.aws.ConfigClusterResolver : Resolving eureka endpoints via configuration
2026-09-30 17:17:50 INFO  [AsyncResolver-bootstrap-executor-%d] c.n.d.s.r.aws.ConfigClusterResolver : Resolving eureka endpoints via configuration
2026-09-30 17:22:50 INFO  [AsyncResolver-bootstrap-executor-%d] c.n.d.s.r.aws.ConfigClusterResolver : Resolving eureka endpoints via configuration
2026-09-30 17:22:59 INFO  [http-nio-8079-exec-1] o.s.c.c.s.e.EncryptionController : Encrypted data
2026-09-30 17:23:09 INFO  [http-nio-8079-exec-2] o.s.c.c.s.e.EncryptionController : Decrypted cipher data
2026-09-30 17:25:34 INFO  [http-nio-8079-exec-5] o.s.c.s.m.DirectWithAttributesChannel : Channel 'config-server.springCloudBusOutput' has 1 subscriber(s).
2026-09-30 17:25:34 INFO  [http-nio-8079-exec-5] o.s.a.r.c.CachingConnectionFactory : Attempting to connect to: [localhost:5672]
2026-09-30 17:25:34 INFO  [http-nio-8079-exec-5] o.s.a.r.c.CachingConnectionFactory : Created new connection: rabbitConnectionFactory.publisher#74045b87:0/SimpleConnection@5d2f1764 [delegate=amqp://user@127.0.0.1:5672/, localPort=59957]
2026-09-30 17:25:34 INFO  [http-nio-8079-exec-5] o.s.amqp.rabbit.core.RabbitAdmin : Auto-declaring a non-durable, auto-delete, or exclusive Queue (springCloudBus.anonymous.4KgIFi1FQhOChgu946DIow) durable:false, auto-delete:true, exclusive:true. It will be redeclared if the broker stops and is restarted while the connection factory is alive, but all messages will be lost.
2026-09-30 17:25:34 INFO  [http-nio-8079-exec-5] o.s.cloud.bus.event.RefreshListener : Received remote refresh request.
2026-09-30 17:25:34 INFO  [http-nio-8079-exec-5] c.netflix.discovery.DiscoveryClient : Shutting down DiscoveryClient ...
2026-09-30 17:25:37 INFO  [http-nio-8079-exec-7] o.s.c.c.s.e.MultipleJGitEnvironmentRepository : Fetched for remote main and found 1 updates
2026-09-30 17:25:37 INFO  [http-nio-8079-exec-7] o.s.c.c.s.e.NativeEnvironmentRepository : Adding property source: Config resource 'file [/var/folders/m9/j9b34q7947vb44s6t3tgxk6h0000gn/T/config-repo-13490630118900955531/inventory-service.properties]' via location 'file:/var/folders/m9/j9b34q7947vb44s6t3tgxk6h0000gn/T/config-repo-13490630118900955531/'
2026-09-30 17:25:37 INFO  [http-nio-8079-exec-7] o.s.c.c.s.e.NativeEnvironmentRepository : Adding property source: Config resource 'file [/var/folders/m9/j9b34q7947vb44s6t3tgxk6h0000gn/T/config-repo-13490630118900955531/application.properties]' via location 'file:/var/folders/m9/j9b34q7947vb44s6t3tgxk6h0000gn/T/config-repo-13490630118900955531/'
2026-09-30 17:25:37 INFO  [http-nio-8079-exec-5] c.netflix.discovery.DiscoveryClient : Unregistering ...
2026-09-30 17:25:37 INFO  [http-nio-8079-exec-5] c.netflix.discovery.DiscoveryClient : DiscoveryClient_CONFIG-SERVER/10.19.63.112:config-server:8079 - deregister  status: 200
2026-09-30 17:25:37 INFO  [http-nio-8079-exec-5] c.netflix.discovery.DiscoveryClient : Completed shut down of DiscoveryClient
2026-09-30 17:25:40 INFO  [http-nio-8079-exec-4] o.s.c.c.s.e.NativeEnvironmentRepository : Adding property source: Config resource 'file [/var/folders/m9/j9b34q7947vb44s6t3tgxk6h0000gn/T/config-repo-13490630118900955531/user-service.properties]' via location 'file:/var/folders/m9/j9b34q7947vb44s6t3tgxk6h0000gn/T/config-repo-13490630118900955531/'
2026-09-30 17:25:40 INFO  [http-nio-8079-exec-4] o.s.c.c.s.e.NativeEnvironmentRepository : Adding property source: Config resource 'file [/var/folders/m9/j9b34q7947vb44s6t3tgxk6h0000gn/T/config-repo-13490630118900955531/application.properties]' via location 'file:/var/folders/m9/j9b34q7947vb44s6t3tgxk6h0000gn/T/config-repo-13490630118900955531/'
2026-09-30 17:25:42 INFO  [http-nio-8079-exec-9] o.s.c.c.s.e.NativeEnvironmentRepository : Adding property source: Config resource 'file [/var/folders/m9/j9b34q7947vb44s6t3tgxk6h0000gn/T/config-repo-13490630118900955531/cart-order-service.properties]' via location 'file:/var/folders/m9/j9b34q7947vb44s6t3tgxk6h0000gn/T/config-repo-13490630118900955531/'
2026-09-30 17:25:42 INFO  [http-nio-8079-exec-9] o.s.c.c.s.e.NativeEnvironmentRepository : Adding property source: Config resource 'file [/var/folders/m9/j9b34q7947vb44s6t3tgxk6h0000gn/T/config-repo-13490630118900955531/application.properties]' via location 'file:/var/folders/m9/j9b34q7947vb44s6t3tgxk6h0000gn/T/config-repo-13490630118900955531/'
2026-09-30 17:25:44 INFO  [http-nio-8079-exec-8] o.s.c.c.s.e.NativeEnvironmentRepository : Adding property source: Config resource 'file [/var/folders/m9/j9b34q7947vb44s6t3tgxk6h0000gn/T/config-repo-13490630118900955531/product-category-service.properties]' via location 'file:/var/folders/m9/j9b34q7947vb44s6t3tgxk6h0000gn/T/config-repo-13490630118900955531/'
2026-09-30 17:25:44 INFO  [http-nio-8079-exec-8] o.s.c.c.s.e.NativeEnvironmentRepository : Adding property source: Config resource 'file [/var/folders/m9/j9b34q7947vb44s6t3tgxk6h0000gn/T/config-repo-13490630118900955531/application.properties]' via location 'file:/var/folders/m9/j9b34q7947vb44s6t3tgxk6h0000gn/T/config-repo-13490630118900955531/'
2026-09-30 17:25:45 INFO  [http-nio-8079-exec-1] o.s.c.c.s.e.NativeEnvironmentRepository : Adding property source: Config resource 'file [/var/folders/m9/j9b34q7947vb44s6t3tgxk6h0000gn/T/config-repo-13490630118900955531/payment-service.properties]' via location 'file:/var/folders/m9/j9b34q7947vb44s6t3tgxk6h0000gn/T/config-repo-13490630118900955531/'
2026-09-30 17:25:45 INFO  [http-nio-8079-exec-1] o.s.c.c.s.e.NativeEnvironmentRepository : Adding property source: Config resource 'file [/var/folders/m9/j9b34q7947vb44s6t3tgxk6h0000gn/T/config-repo-13490630118900955531/application.properties]' via location 'file:/var/folders/m9/j9b34q7947vb44s6t3tgxk6h0000gn/T/config-repo-13490630118900955531/'
2026-09-30 17:25:45 INFO  [http-nio-8079-exec-5] o.s.c.n.eureka.InstanceInfoFactory : Setting initial instance status as: STARTING
2026-09-30 17:25:45 INFO  [http-nio-8079-exec-5] c.netflix.discovery.DiscoveryClient : Initializing Eureka in region us-east-1
2026-09-30 17:25:45 INFO  [http-nio-8079-exec-5] c.n.d.s.r.aws.ConfigClusterResolver : Resolving eureka endpoints via configuration
2026-09-30 17:25:45 INFO  [http-nio-8079-exec-5] c.netflix.discovery.DiscoveryClient : Disable delta property : false
2026-09-30 17:25:45 INFO  [http-nio-8079-exec-5] c.netflix.discovery.DiscoveryClient : Single vip registry refresh property : null
2026-09-30 17:25:45 INFO  [http-nio-8079-exec-5] c.netflix.discovery.DiscoveryClient : Force full registry fetch : false
2026-09-30 17:25:45 INFO  [http-nio-8079-exec-5] c.netflix.discovery.DiscoveryClient : Application is null : false
2026-09-30 17:25:45 INFO  [http-nio-8079-exec-5] c.netflix.discovery.DiscoveryClient : Registered Applications size is zero : true
2026-09-30 17:25:45 INFO  [http-nio-8079-exec-5] c.netflix.discovery.DiscoveryClient : Application version is -1: true
2026-09-30 17:25:45 INFO  [http-nio-8079-exec-5] c.netflix.discovery.DiscoveryClient : Getting all instance registry info from the eureka server
2026-09-30 17:25:45 INFO  [http-nio-8079-exec-5] c.netflix.discovery.DiscoveryClient : The response status is 200
2026-09-30 17:25:45 INFO  [http-nio-8079-exec-5] c.netflix.discovery.DiscoveryClient : Starting heartbeat executor: renew interval is: 30
2026-09-30 17:25:45 INFO  [http-nio-8079-exec-5] c.n.discovery.InstanceInfoReplicator : InstanceInfoReplicator onDemand update allowed rate per min is 4
2026-09-30 17:25:45 INFO  [http-nio-8079-exec-5] c.netflix.discovery.DiscoveryClient : Discovery Client initialized at timestamp 1790769345811 with initial instances count: 7
2026-09-30 17:25:45 INFO  [http-nio-8079-exec-5] o.s.c.n.e.s.EurekaServiceRegistry : Unregistering application CONFIG-SERVER with eureka with status DOWN
2026-09-30 17:25:45 INFO  [http-nio-8079-exec-5] c.netflix.discovery.DiscoveryClient : Saw local status change event StatusChangeEvent [timestamp=1790769345813, current=DOWN, previous=STARTING]
2026-09-30 17:25:45 INFO  [http-nio-8079-exec-5] o.s.c.n.e.s.EurekaServiceRegistry : Registering application CONFIG-SERVER with eureka with status UP
2026-09-30 17:25:45 INFO  [http-nio-8079-exec-5] c.netflix.discovery.DiscoveryClient : Saw local status change event StatusChangeEvent [timestamp=1790769345814, current=UP, previous=DOWN]
2026-09-30 17:25:45 INFO  [DiscoveryClient-InstanceInfoReplicator-%d] c.netflix.discovery.DiscoveryClient : DiscoveryClient_CONFIG-SERVER/10.19.63.112:config-server:8079: registering service...
2026-09-30 17:25:45 INFO  [http-nio-8079-exec-5] o.s.cloud.bus.event.RefreshListener : Keys refreshed []
2026-09-30 17:25:45 INFO  [DiscoveryClient-InstanceInfoReplicator-%d] c.netflix.discovery.DiscoveryClient : DiscoveryClient_CONFIG-SERVER/10.19.63.112:config-server:8079 - registration status: 204
2026-09-30 17:25:48 INFO  [http-nio-8079-exec-10] o.s.c.c.s.e.NativeEnvironmentRepository : Adding property source: Config resource 'file [/var/folders/m9/j9b34q7947vb44s6t3tgxk6h0000gn/T/config-repo-13490630118900955531/product-category-service-dev.properties]' via location 'file:/var/folders/m9/j9b34q7947vb44s6t3tgxk6h0000gn/T/config-repo-13490630118900955531/'
2026-09-30 17:25:48 INFO  [http-nio-8079-exec-10] o.s.c.c.s.e.NativeEnvironmentRepository : Adding property source: Config resource 'file [/var/folders/m9/j9b34q7947vb44s6t3tgxk6h0000gn/T/config-repo-13490630118900955531/product-category-service.properties]' via location 'file:/var/folders/m9/j9b34q7947vb44s6t3tgxk6h0000gn/T/config-repo-13490630118900955531/'
2026-09-30 17:25:48 INFO  [http-nio-8079-exec-10] o.s.c.c.s.e.NativeEnvironmentRepository : Adding property source: Config resource 'file [/var/folders/m9/j9b34q7947vb44s6t3tgxk6h0000gn/T/config-repo-13490630118900955531/application.properties]' via location 'file:/var/folders/m9/j9b34q7947vb44s6t3tgxk6h0000gn/T/config-repo-13490630118900955531/'
2026-09-30 17:25:50 INFO  [http-nio-8079-exec-2] o.s.c.c.s.e.NativeEnvironmentRepository : Adding property source: Config resource 'file [/var/folders/m9/j9b34q7947vb44s6t3tgxk6h0000gn/T/config-repo-13490630118900955531/payment-service.properties]' via location 'file:/var/folders/m9/j9b34q7947vb44s6t3tgxk6h0000gn/T/config-repo-13490630118900955531/'
2026-09-30 17:25:50 INFO  [http-nio-8079-exec-2] o.s.c.c.s.e.NativeEnvironmentRepository : Adding property source: Config resource 'file [/var/folders/m9/j9b34q7947vb44s6t3tgxk6h0000gn/T/config-repo-13490630118900955531/application.properties]' via location 'file:/var/folders/m9/j9b34q7947vb44s6t3tgxk6h0000gn/T/config-repo-13490630118900955531/'
2026-09-30 17:27:15 INFO  [http-nio-8079-exec-7] o.s.c.c.s.e.NativeEnvironmentRepository : Adding property source: Config resource 'file [/var/folders/m9/j9b34q7947vb44s6t3tgxk6h0000gn/T/config-repo-13490630118900955531/payment-service.properties]' via location 'file:/var/folders/m9/j9b34q7947vb44s6t3tgxk6h0000gn/T/config-repo-13490630118900955531/'
2026-09-30 17:27:15 INFO  [http-nio-8079-exec-7] o.s.c.c.s.e.NativeEnvironmentRepository : Adding property source: Config resource 'file [/var/folders/m9/j9b34q7947vb44s6t3tgxk6h0000gn/T/config-repo-13490630118900955531/application.properties]' via location 'file:/var/folders/m9/j9b34q7947vb44s6t3tgxk6h0000gn/T/config-repo-13490630118900955531/'
2026-09-30 17:27:18 INFO  [http-nio-8079-exec-4] o.s.c.c.s.e.NativeEnvironmentRepository : Adding property source: Config resource 'file [/var/folders/m9/j9b34q7947vb44s6t3tgxk6h0000gn/T/config-repo-13490630118900955531/payment-service.properties]' via location 'file:/var/folders/m9/j9b34q7947vb44s6t3tgxk6h0000gn/T/config-repo-13490630118900955531/'
2026-09-30 17:27:18 INFO  [http-nio-8079-exec-4] o.s.c.c.s.e.NativeEnvironmentRepository : Adding property source: Config resource 'file [/var/folders/m9/j9b34q7947vb44s6t3tgxk6h0000gn/T/config-repo-13490630118900955531/application.properties]' via location 'file:/var/folders/m9/j9b34q7947vb44s6t3tgxk6h0000gn/T/config-repo-13490630118900955531/'
2026-09-30 17:27:45 INFO  [http-nio-8079-exec-5] o.s.c.c.s.e.NativeEnvironmentRepository : Adding property source: Config resource 'file [/var/folders/m9/j9b34q7947vb44s6t3tgxk6h0000gn/T/config-repo-13490630118900955531/payment-service.properties]' via location 'file:/var/folders/m9/j9b34q7947vb44s6t3tgxk6h0000gn/T/config-repo-13490630118900955531/'
2026-09-30 17:27:45 INFO  [http-nio-8079-exec-5] o.s.c.c.s.e.NativeEnvironmentRepository : Adding property source: Config resource 'file [/var/folders/m9/j9b34q7947vb44s6t3tgxk6h0000gn/T/config-repo-13490630118900955531/application.properties]' via location 'file:/var/folders/m9/j9b34q7947vb44s6t3tgxk6h0000gn/T/config-repo-13490630118900955531/'
2026-09-30 17:27:47 INFO  [http-nio-8079-exec-10] o.s.c.c.s.e.NativeEnvironmentRepository : Adding property source: Config resource 'file [/var/folders/m9/j9b34q7947vb44s6t3tgxk6h0000gn/T/config-repo-13490630118900955531/payment-service.properties]' via location 'file:/var/folders/m9/j9b34q7947vb44s6t3tgxk6h0000gn/T/config-repo-13490630118900955531/'
2026-09-30 17:27:47 INFO  [http-nio-8079-exec-10] o.s.c.c.s.e.NativeEnvironmentRepository : Adding property source: Config resource 'file [/var/folders/m9/j9b34q7947vb44s6t3tgxk6h0000gn/T/config-repo-13490630118900955531/application.properties]' via location 'file:/var/folders/m9/j9b34q7947vb44s6t3tgxk6h0000gn/T/config-repo-13490630118900955531/'
2026-09-30 17:30:45 INFO  [AsyncResolver-bootstrap-executor-%d] c.n.d.s.r.aws.ConfigClusterResolver : Resolving eureka endpoints via configuration
2026-09-30 17:35:45 INFO  [AsyncResolver-bootstrap-executor-%d] c.n.d.s.r.aws.ConfigClusterResolver : Resolving eureka endpoints via configuration
2026-09-30 17:37:01 INFO  [SpringApplicationShutdownHook] o.s.c.n.e.s.EurekaServiceRegistry : Unregistering application CONFIG-SERVER with eureka with status DOWN
2026-09-30 17:37:01 INFO  [SpringApplicationShutdownHook] c.netflix.discovery.DiscoveryClient : Saw local status change event StatusChangeEvent [timestamp=1790770021637, current=DOWN, previous=UP]
2026-09-30 17:37:01 INFO  [DiscoveryClient-InstanceInfoReplicator-%d] c.netflix.discovery.DiscoveryClient : DiscoveryClient_CONFIG-SERVER/10.19.63.112:config-server:8079: registering service...
2026-09-30 17:37:01 INFO  [DiscoveryClient-InstanceInfoReplicator-%d] c.netflix.discovery.DiscoveryClient : DiscoveryClient_CONFIG-SERVER/10.19.63.112:config-server:8079 - registration status: 204
2026-09-30 17:37:01 INFO  [SpringApplicationShutdownHook] o.s.boot.tomcat.GracefulShutdown : Commencing graceful shutdown. Waiting for active requests to complete
2026-09-30 17:37:03 INFO  [tomcat-shutdown] o.s.boot.tomcat.GracefulShutdown : Graceful shutdown complete
2026-09-30 17:37:03 INFO  [SpringApplicationShutdownHook] o.s.a.r.l.SimpleMessageListenerContainer : Waiting for workers to finish.
2026-09-30 17:37:04 INFO  [SpringApplicationShutdownHook] o.s.a.r.l.SimpleMessageListenerContainer : Successfully waited for workers to finish.
2026-09-30 17:37:04 INFO  [SpringApplicationShutdownHook] o.s.i.a.i.AmqpInboundChannelAdapter : stopped bean 'inbound.springCloudBus.anonymous.4KgIFi1FQhOChgu946DIow'
2026-09-30 17:37:04 INFO  [SpringApplicationShutdownHook] o.s.c.s.binder.BinderErrorChannel : Channel 'config-server.rabbit-22842519.springCloudBusInput.errors' has 1 subscriber(s).
2026-09-30 17:37:04 INFO  [SpringApplicationShutdownHook] o.s.c.s.binder.BinderErrorChannel : Channel 'config-server.rabbit-22842519.springCloudBusInput.errors' has 0 subscriber(s).
2026-09-30 17:37:04 INFO  [SpringApplicationShutdownHook] o.s.i.endpoint.EventDrivenConsumer : Removing {logging-channel-adapter:_org.springframework.integration.errorLogger} as a subscriber to the 'errorChannel' channel
2026-09-30 17:37:04 INFO  [SpringApplicationShutdownHook] o.s.i.c.PublishSubscribeChannel : Channel 'config-server.errorChannel' has 0 subscriber(s).
2026-09-30 17:37:04 INFO  [SpringApplicationShutdownHook] o.s.i.endpoint.EventDrivenConsumer : stopped bean '_org.springframework.integration.errorLogger'
2026-09-30 17:37:04 INFO  [SpringApplicationShutdownHook] c.netflix.discovery.DiscoveryClient : Shutting down DiscoveryClient ...
2026-09-30 17:37:07 INFO  [SpringApplicationShutdownHook] c.netflix.discovery.DiscoveryClient : Unregistering ...
2026-09-30 17:37:07 INFO  [SpringApplicationShutdownHook] c.n.d.s.t.d.RedirectingEurekaHttpClient : Request execution error. endpoint=DefaultEndpoint{ serviceUrl='http://localhost:8761/eureka/} exception=I/O error on DELETE request for "http://localhost:8761/eureka/apps/CONFIG-SERVER/10.19.63.112:config-server:8079": Connect to http://localhost:8761 failed: Connection refused stacktrace=org.springframework.web.client.ResourceAccessException: I/O error on DELETE request for "http://localhost:8761/eureka/apps/CONFIG-SERVER/10.19.63.112:config-server:8079": Connect to http://localhost:8761 failed: Connection refused
	at org.springframework.web.client.DefaultRestClient$DefaultRequestBodyUriSpec.createResourceAccessException(DefaultRestClient.java:779)
	at org.springframework.web.client.DefaultRestClient$DefaultRequestBodyUriSpec.exchangeInternal(DefaultRestClient.java:624)
	at org.springframework.web.client.DefaultRestClient$DefaultRequestBodyUriSpec.exchange(DefaultRestClient.java:572)
	at org.springframework.web.client.RestClient$RequestHeadersSpec.exchange(RestClient.java:747)
	at org.springframework.web.client.DefaultRestClient$DefaultResponseSpec.executeAndExtract(DefaultRestClient.java:924)
	at org.springframework.web.client.DefaultRestClient$DefaultResponseSpec.toBodilessEntity(DefaultRestClient.java:888)
	at org.springframework.cloud.netflix.eureka.http.RestClientEurekaHttpClient.cancel(RestClientEurekaHttpClient.java:73)
	at com.netflix.discovery.shared.transport.decorator.EurekaHttpClientDecorator$2.execute(EurekaHttpClientDecorator.java:74)
	at com.netflix.discovery.shared.transport.decorator.RedirectingEurekaHttpClient.execute(RedirectingEurekaHttpClient.java:91)
	at com.netflix.discovery.shared.transport.decorator.EurekaHttpClientDecorator.cancel(EurekaHttpClientDecorator.java:71)
	at com.netflix.discovery.shared.transport.decorator.EurekaHttpClientDecorator$2.execute(EurekaHttpClientDecorator.java:74)
	at com.netflix.discovery.shared.transport.decorator.RetryableEurekaHttpClient.execute(RetryableEurekaHttpClient.java:120)
	at com.netflix.discovery.shared.transport.decorator.EurekaHttpClientDecorator.cancel(EurekaHttpClientDecorator.java:71)
	at com.netflix.discovery.shared.transport.decorator.EurekaHttpClientDecorator$2.execute(EurekaHttpClientDecorator.java:74)
	at com.netflix.discovery.shared.transport.decorator.SessionedEurekaHttpClient.execute(SessionedEurekaHttpClient.java:76)
	at com.netflix.discovery.shared.transport.decorator.EurekaHttpClientDecorator.cancel(EurekaHttpClientDecorator.java:71)
	at com.netflix.discovery.DiscoveryClient.unregister(DiscoveryClient.java:919)
	at com.netflix.discovery.DiscoveryClient.shutdown(DiscoveryClient.java:900)
	at java.base/jdk.internal.reflect.DirectMethodHandleAccessor.invoke(DirectMethodHandleAccessor.java:104)
	at java.base/java.lang.reflect.Method.invoke(Method.java:565)
	at org.springframework.beans.factory.annotation.InitDestroyAnnotationBeanPostProcessor$LifecycleMethod.invoke(InitDestroyAnnotationBeanPostProcessor.java:453)
	at org.springframework.beans.factory.annotation.InitDestroyAnnotationBeanPostProcessor$LifecycleMetadata.invokeDestroyMethods(InitDestroyAnnotationBeanPostProcessor.java:411)
	at org.springframework.beans.factory.annotation.InitDestroyAnnotationBeanPostProcessor.postProcessBeforeDestruction(InitDestroyAnnotationBeanPostProcessor.java:237)
	at org.springframework.beans.factory.support.DisposableBeanAdapter.destroy(DisposableBeanAdapter.java:200)
	at org.springframework.beans.factory.support.DisposableBeanAdapter.run(DisposableBeanAdapter.java:193)
	at org.springframework.cloud.context.scope.GenericScope$BeanLifecycleWrapper.destroy(GenericScope.java:387)
	at org.springframework.cloud.context.scope.GenericScope.destroy(GenericScope.java:134)
	at org.springframework.beans.factory.support.DisposableBeanAdapter.destroy(DisposableBeanAdapter.java:209)
	at org.springframework.beans.factory.support.DefaultSingletonBeanRegistry.destroyBean(DefaultSingletonBeanRegistry.java:795)
	at org.springframework.beans.factory.support.DefaultSingletonBeanRegistry.destroySingleton(DefaultSingletonBeanRegistry.java:745)
	at org.springframework.beans.factory.support.DefaultListableBeanFactory.destroySingleton(DefaultListableBeanFactory.java:1500)
	at org.springframework.beans.factory.support.DefaultSingletonBeanRegistry.destroySingletons(DefaultSingletonBeanRegistry.java:704)
	at org.springframework.beans.factory.support.DefaultListableBeanFactory.destroySingletons(DefaultListableBeanFactory.java:1493)
	at org.springframework.context.support.AbstractApplicationContext.destroyBeans(AbstractApplicationContext.java:1246)
	at org.springframework.context.support.AbstractApplicationContext.doClose(AbstractApplicationContext.java:1207)
	at org.springframework.boot.web.server.servlet.context.ServletWebServerApplicationContext.doClose(ServletWebServerApplicationContext.java:176)
	at org.springframework.context.support.AbstractApplicationContext.close(AbstractApplicationContext.java:1153)
	at org.springframework.boot.SpringApplicationShutdownHook.closeAndWait(SpringApplicationShutdownHook.java:147)
	at java.base/java.lang.Iterable.forEach(Iterable.java:75)
	at org.springframework.boot.SpringApplicationShutdownHook.run(SpringApplicationShutdownHook.java:116)
	at java.base/java.lang.Thread.run(Thread.java:1474)
Caused by: org.apache.hc.client5.http.HttpHostConnectException: Connect to http://localhost:8761 failed: Connection refused
	at java.base/sun.nio.ch.Net.pollConnect(Native Method)
	at java.base/sun.nio.ch.Net.pollConnectNow(Net.java:639)
	at java.base/sun.nio.ch.NioSocketImpl.timedFinishConnect(NioSocketImpl.java:550)
	at java.base/sun.nio.ch.NioSocketImpl.connect(NioSocketImpl.java:594)
	at java.base/java.net.SocksSocketImpl.connect(SocksSocketImpl.java:284)
	at java.base/java.net.Socket.connect(Socket.java:659)
	at org.apache.hc.client5.http.impl.io.DefaultHttpClientConnectionOperator.connect(DefaultHttpClientConnectionOperator.java:226)
	at org.apache.hc.client5.http.impl.io.PoolingHttpClientConnectionManager.connect(PoolingHttpClientConnectionManager.java:497)
	at org.apache.hc.client5.http.impl.classic.InternalExecRuntime.connectEndpoint(InternalExecRuntime.java:164)
	at org.apache.hc.client5.http.impl.classic.InternalExecRuntime.connectEndpoint(InternalExecRuntime.java:174)
	at org.apache.hc.client5.http.impl.classic.ConnectExec.execute(ConnectExec.java:144)
	at org.apache.hc.client5.http.impl.classic.ExecChainElement.execute(ExecChainElement.java:51)
	at org.apache.hc.client5.http.impl.classic.ProtocolExec.execute(ProtocolExec.java:195)
	at org.apache.hc.client5.http.impl.classic.ExecChainElement.execute(ExecChainElement.java:51)
	at org.apache.hc.client5.http.impl.classic.ContentCompressionExec.execute(ContentCompressionExec.java:168)
	at org.apache.hc.client5.http.impl.classic.ExecChainElement.execute(ExecChainElement.java:51)
	at org.apache.hc.client5.http.impl.classic.HttpRequestRetryExec.execute(HttpRequestRetryExec.java:112)
	at org.apache.hc.client5.http.impl.classic.ExecChainElement.execute(ExecChainElement.java:51)
	at org.apache.hc.client5.http.impl.classic.RedirectExec.execute(RedirectExec.java:110)
	at org.apache.hc.client5.http.impl.classic.ExecChainElement.execute(ExecChainElement.java:51)
	at org.apache.hc.client5.http.impl.classic.InternalHttpClient.doExecute(InternalHttpClient.java:185)
	at org.apache.hc.client5.http.impl.classic.CloseableHttpClient.execute(CloseableHttpClient.java:87)
	at org.apache.hc.client5.http.impl.classic.CloseableHttpClient.execute(CloseableHttpClient.java:55)
	at org.apache.hc.client5.http.classic.HttpClient.executeOpen(HttpClient.java:183)
	at org.springframework.http.client.HttpComponentsClientHttpRequest.executeInternal(HttpComponentsClientHttpRequest.java:99)
	at org.springframework.http.client.AbstractStreamingClientHttpRequest.executeInternal(AbstractStreamingClientHttpRequest.java:87)
	at org.springframework.http.client.AbstractClientHttpRequest.execute(AbstractClientHttpRequest.java:80)
	at org.springframework.http.client.AbstractBufferingClientHttpRequest.executeWithRequestAndBody(AbstractBufferingClientHttpRequest.java:89)
	at org.springframework.http.client.InterceptingClientHttpRequest$EndOfChainRequestExecution.execute(InterceptingClientHttpRequest.java:102)
	at org.springframework.cloud.netflix.eureka.http.RestClientTransportClientFactory.lambda$newClient$2(RestClientTransportClientFactory.java:98)
	at org.springframework.http.client.ClientHttpRequestInterceptor.lambda$apply$0(ClientHttpRequestInterceptor.java:89)
	at org.springframework.http.client.InterceptingClientHttpRequest.executeInternal(InterceptingClientHttpRequest.java:73)
	at org.springframework.http.client.AbstractBufferingClientHttpRequest.executeInternal(AbstractBufferingClientHttpRequest.java:50)
	at org.springframework.http.client.AbstractClientHttpRequest.execute(AbstractClientHttpRequest.java:80)
	at org.springframework.web.client.DefaultRestClient$DefaultRequestBodyUriSpec.exchangeInternal(DefaultRestClient.java:614)
	... 39 more

2026-09-30 17:37:07 WARN  [SpringApplicationShutdownHook] c.n.d.s.t.d.RetryableEurekaHttpClient : Request execution failed with message: I/O error on DELETE request for "http://localhost:8761/eureka/apps/CONFIG-SERVER/10.19.63.112:config-server:8079": Connect to http://localhost:8761 failed: Connection refused
2026-09-30 17:37:07 INFO  [SpringApplicationShutdownHook] c.n.d.s.t.d.RedirectingEurekaHttpClient : Request execution error. endpoint=DefaultEndpoint{ serviceUrl='http://localhost:8761/eureka/}, exception=I/O error on DELETE request for "http://localhost:8761/eureka/apps/CONFIG-SERVER/10.19.63.112:config-server:8079": Connect to http://localhost:8761 failed: Connection refused stacktrace=org.springframework.web.client.ResourceAccessException: I/O error on DELETE request for "http://localhost:8761/eureka/apps/CONFIG-SERVER/10.19.63.112:config-server:8079": Connect to http://localhost:8761 failed: Connection refused
	at org.springframework.web.client.DefaultRestClient$DefaultRequestBodyUriSpec.createResourceAccessException(DefaultRestClient.java:779)
	at org.springframework.web.client.DefaultRestClient$DefaultRequestBodyUriSpec.exchangeInternal(DefaultRestClient.java:624)
	at org.springframework.web.client.DefaultRestClient$DefaultRequestBodyUriSpec.exchange(DefaultRestClient.java:572)
	at org.springframework.web.client.RestClient$RequestHeadersSpec.exchange(RestClient.java:747)
	at org.springframework.web.client.DefaultRestClient$DefaultResponseSpec.executeAndExtract(DefaultRestClient.java:924)
	at org.springframework.web.client.DefaultRestClient$DefaultResponseSpec.toBodilessEntity(DefaultRestClient.java:888)
	at org.springframework.cloud.netflix.eureka.http.RestClientEurekaHttpClient.cancel(RestClientEurekaHttpClient.java:73)
	at com.netflix.discovery.shared.transport.decorator.EurekaHttpClientDecorator$2.execute(EurekaHttpClientDecorator.java:74)
	at com.netflix.discovery.shared.transport.decorator.RedirectingEurekaHttpClient.executeOnNewServer(RedirectingEurekaHttpClient.java:121)
	at com.netflix.discovery.shared.transport.decorator.RedirectingEurekaHttpClient.execute(RedirectingEurekaHttpClient.java:80)
	at com.netflix.discovery.shared.transport.decorator.EurekaHttpClientDecorator.cancel(EurekaHttpClientDecorator.java:71)
	at com.netflix.discovery.shared.transport.decorator.EurekaHttpClientDecorator$2.execute(EurekaHttpClientDecorator.java:74)
	at com.netflix.discovery.shared.transport.decorator.RetryableEurekaHttpClient.execute(RetryableEurekaHttpClient.java:120)
	at com.netflix.discovery.shared.transport.decorator.EurekaHttpClientDecorator.cancel(EurekaHttpClientDecorator.java:71)
	at com.netflix.discovery.shared.transport.decorator.EurekaHttpClientDecorator$2.execute(EurekaHttpClientDecorator.java:74)
	at com.netflix.discovery.shared.transport.decorator.SessionedEurekaHttpClient.execute(SessionedEurekaHttpClient.java:76)
	at com.netflix.discovery.shared.transport.decorator.EurekaHttpClientDecorator.cancel(EurekaHttpClientDecorator.java:71)
	at com.netflix.discovery.DiscoveryClient.unregister(DiscoveryClient.java:919)
	at com.netflix.discovery.DiscoveryClient.shutdown(DiscoveryClient.java:900)
	at java.base/jdk.internal.reflect.DirectMethodHandleAccessor.invoke(DirectMethodHandleAccessor.java:104)
	at java.base/java.lang.reflect.Method.invoke(Method.java:565)
	at org.springframework.beans.factory.annotation.InitDestroyAnnotationBeanPostProcessor$LifecycleMethod.invoke(InitDestroyAnnotationBeanPostProcessor.java:453)
	at org.springframework.beans.factory.annotation.InitDestroyAnnotationBeanPostProcessor$LifecycleMetadata.invokeDestroyMethods(InitDestroyAnnotationBeanPostProcessor.java:411)
	at org.springframework.beans.factory.annotation.InitDestroyAnnotationBeanPostProcessor.postProcessBeforeDestruction(InitDestroyAnnotationBeanPostProcessor.java:237)
	at org.springframework.beans.factory.support.DisposableBeanAdapter.destroy(DisposableBeanAdapter.java:200)
	at org.springframework.beans.factory.support.DisposableBeanAdapter.run(DisposableBeanAdapter.java:193)
	at org.springframework.cloud.context.scope.GenericScope$BeanLifecycleWrapper.destroy(GenericScope.java:387)
	at org.springframework.cloud.context.scope.GenericScope.destroy(GenericScope.java:134)
	at org.springframework.beans.factory.support.DisposableBeanAdapter.destroy(DisposableBeanAdapter.java:209)
	at org.springframework.beans.factory.support.DefaultSingletonBeanRegistry.destroyBean(DefaultSingletonBeanRegistry.java:795)
	at org.springframework.beans.factory.support.DefaultSingletonBeanRegistry.destroySingleton(DefaultSingletonBeanRegistry.java:745)
	at org.springframework.beans.factory.support.DefaultListableBeanFactory.destroySingleton(DefaultListableBeanFactory.java:1500)
	at org.springframework.beans.factory.support.DefaultSingletonBeanRegistry.destroySingletons(DefaultSingletonBeanRegistry.java:704)
	at org.springframework.beans.factory.support.DefaultListableBeanFactory.destroySingletons(DefaultListableBeanFactory.java:1493)
	at org.springframework.context.support.AbstractApplicationContext.destroyBeans(AbstractApplicationContext.java:1246)
	at org.springframework.context.support.AbstractApplicationContext.doClose(AbstractApplicationContext.java:1207)
	at org.springframework.boot.web.server.servlet.context.ServletWebServerApplicationContext.doClose(ServletWebServerApplicationContext.java:176)
	at org.springframework.context.support.AbstractApplicationContext.close(AbstractApplicationContext.java:1153)
	at org.springframework.boot.SpringApplicationShutdownHook.closeAndWait(SpringApplicationShutdownHook.java:147)
	at java.base/java.lang.Iterable.forEach(Iterable.java:75)
	at org.springframework.boot.SpringApplicationShutdownHook.run(SpringApplicationShutdownHook.java:116)
	at java.base/java.lang.Thread.run(Thread.java:1474)
Caused by: org.apache.hc.client5.http.HttpHostConnectException: Connect to http://localhost:8761 failed: Connection refused
	at java.base/sun.nio.ch.Net.pollConnect(Native Method)
	at java.base/sun.nio.ch.Net.pollConnectNow(Net.java:639)
	at java.base/sun.nio.ch.NioSocketImpl.timedFinishConnect(NioSocketImpl.java:543)
	at java.base/sun.nio.ch.NioSocketImpl.connect(NioSocketImpl.java:594)
	at java.base/java.net.SocksSocketImpl.connect(SocksSocketImpl.java:284)
	at java.base/java.net.Socket.connect(Socket.java:659)
	at org.apache.hc.client5.http.impl.io.DefaultHttpClientConnectionOperator.connect(DefaultHttpClientConnectionOperator.java:226)
	at org.apache.hc.client5.http.impl.io.PoolingHttpClientConnectionManager.connect(PoolingHttpClientConnectionManager.java:497)
	at org.apache.hc.client5.http.impl.classic.InternalExecRuntime.connectEndpoint(InternalExecRuntime.java:164)
	at org.apache.hc.client5.http.impl.classic.InternalExecRuntime.connectEndpoint(InternalExecRuntime.java:174)
	at org.apache.hc.client5.http.impl.classic.ConnectExec.execute(ConnectExec.java:144)
	at org.apache.hc.client5.http.impl.classic.ExecChainElement.execute(ExecChainElement.java:51)
	at org.apache.hc.client5.http.impl.classic.ProtocolExec.execute(ProtocolExec.java:195)
	at org.apache.hc.client5.http.impl.classic.ExecChainElement.execute(ExecChainElement.java:51)
	at org.apache.hc.client5.http.impl.classic.ContentCompressionExec.execute(ContentCompressionExec.java:168)
	at org.apache.hc.client5.http.impl.classic.ExecChainElement.execute(ExecChainElement.java:51)
	at org.apache.hc.client5.http.impl.classic.HttpRequestRetryExec.execute(HttpRequestRetryExec.java:112)
	at org.apache.hc.client5.http.impl.classic.ExecChainElement.execute(ExecChainElement.java:51)
	at org.apache.hc.client5.http.impl.classic.RedirectExec.execute(RedirectExec.java:110)
	at org.apache.hc.client5.http.impl.classic.ExecChainElement.execute(ExecChainElement.java:51)
	at org.apache.hc.client5.http.impl.classic.InternalHttpClient.doExecute(InternalHttpClient.java:185)
	at org.apache.hc.client5.http.impl.classic.CloseableHttpClient.execute(CloseableHttpClient.java:87)
	at org.apache.hc.client5.http.impl.classic.CloseableHttpClient.execute(CloseableHttpClient.java:55)
	at org.apache.hc.client5.http.classic.HttpClient.executeOpen(HttpClient.java:183)
	at org.springframework.http.client.HttpComponentsClientHttpRequest.executeInternal(HttpComponentsClientHttpRequest.java:99)
	at org.springframework.http.client.AbstractStreamingClientHttpRequest.executeInternal(AbstractStreamingClientHttpRequest.java:87)
	at org.springframework.http.client.AbstractClientHttpRequest.execute(AbstractClientHttpRequest.java:80)
	at org.springframework.http.client.AbstractBufferingClientHttpRequest.executeWithRequestAndBody(AbstractBufferingClientHttpRequest.java:89)
	at org.springframework.http.client.InterceptingClientHttpRequest$EndOfChainRequestExecution.execute(InterceptingClientHttpRequest.java:102)
	at org.springframework.cloud.netflix.eureka.http.RestClientTransportClientFactory.lambda$newClient$2(RestClientTransportClientFactory.java:98)
	at org.springframework.http.client.ClientHttpRequestInterceptor.lambda$apply$0(ClientHttpRequestInterceptor.java:89)
	at org.springframework.http.client.InterceptingClientHttpRequest.executeInternal(InterceptingClientHttpRequest.java:73)
	at org.springframework.http.client.AbstractBufferingClientHttpRequest.executeInternal(AbstractBufferingClientHttpRequest.java:50)
	at org.springframework.http.client.AbstractClientHttpRequest.execute(AbstractClientHttpRequest.java:80)
	at org.springframework.web.client.DefaultRestClient$DefaultRequestBodyUriSpec.exchangeInternal(DefaultRestClient.java:614)
	... 40 more

2026-09-30 17:37:07 WARN  [SpringApplicationShutdownHook] c.n.d.s.t.d.RetryableEurekaHttpClient : Request execution failed with message: I/O error on DELETE request for "http://localhost:8761/eureka/apps/CONFIG-SERVER/10.19.63.112:config-server:8079": Connect to http://localhost:8761 failed: Connection refused
2026-09-30 17:37:07 ERROR [SpringApplicationShutdownHook] c.netflix.discovery.DiscoveryClient : DiscoveryClient_CONFIG-SERVER/10.19.63.112:config-server:8079 - de-registration failedCannot execute request on any known server
com.netflix.discovery.shared.transport.TransportException: Cannot execute request on any known server
	at com.netflix.discovery.shared.transport.decorator.RetryableEurekaHttpClient.execute(RetryableEurekaHttpClient.java:112)
	at com.netflix.discovery.shared.transport.decorator.EurekaHttpClientDecorator.cancel(EurekaHttpClientDecorator.java:71)
	at com.netflix.discovery.shared.transport.decorator.EurekaHttpClientDecorator$2.execute(EurekaHttpClientDecorator.java:74)
	at com.netflix.discovery.shared.transport.decorator.SessionedEurekaHttpClient.execute(SessionedEurekaHttpClient.java:76)
	at com.netflix.discovery.shared.transport.decorator.EurekaHttpClientDecorator.cancel(EurekaHttpClientDecorator.java:71)
	at com.netflix.discovery.DiscoveryClient.unregister(DiscoveryClient.java:919)
	at com.netflix.discovery.DiscoveryClient.shutdown(DiscoveryClient.java:900)
	at java.base/jdk.internal.reflect.DirectMethodHandleAccessor.invoke(DirectMethodHandleAccessor.java:104)
	at java.base/java.lang.reflect.Method.invoke(Method.java:565)
	at org.springframework.beans.factory.annotation.InitDestroyAnnotationBeanPostProcessor$LifecycleMethod.invoke(InitDestroyAnnotationBeanPostProcessor.java:453)
	at org.springframework.beans.factory.annotation.InitDestroyAnnotationBeanPostProcessor$LifecycleMetadata.invokeDestroyMethods(InitDestroyAnnotationBeanPostProcessor.java:411)
	at org.springframework.beans.factory.annotation.InitDestroyAnnotationBeanPostProcessor.postProcessBeforeDestruction(InitDestroyAnnotationBeanPostProcessor.java:237)
	at org.springframework.beans.factory.support.DisposableBeanAdapter.destroy(DisposableBeanAdapter.java:200)
	at org.springframework.beans.factory.support.DisposableBeanAdapter.run(DisposableBeanAdapter.java:193)
	at org.springframework.cloud.context.scope.GenericScope$BeanLifecycleWrapper.destroy(GenericScope.java:387)
	at org.springframework.cloud.context.scope.GenericScope.destroy(GenericScope.java:134)
	at org.springframework.beans.factory.support.DisposableBeanAdapter.destroy(DisposableBeanAdapter.java:209)
	at org.springframework.beans.factory.support.DefaultSingletonBeanRegistry.destroyBean(DefaultSingletonBeanRegistry.java:795)
	at org.springframework.beans.factory.support.DefaultSingletonBeanRegistry.destroySingleton(DefaultSingletonBeanRegistry.java:745)
	at org.springframework.beans.factory.support.DefaultListableBeanFactory.destroySingleton(DefaultListableBeanFactory.java:1500)
	at org.springframework.beans.factory.support.DefaultSingletonBeanRegistry.destroySingletons(DefaultSingletonBeanRegistry.java:704)
	at org.springframework.beans.factory.support.DefaultListableBeanFactory.destroySingletons(DefaultListableBeanFactory.java:1493)
	at org.springframework.context.support.AbstractApplicationContext.destroyBeans(AbstractApplicationContext.java:1246)
	at org.springframework.context.support.AbstractApplicationContext.doClose(AbstractApplicationContext.java:1207)
	at org.springframework.boot.web.server.servlet.context.ServletWebServerApplicationContext.doClose(ServletWebServerApplicationContext.java:176)
	at org.springframework.context.support.AbstractApplicationContext.close(AbstractApplicationContext.java:1153)
	at org.springframework.boot.SpringApplicationShutdownHook.closeAndWait(SpringApplicationShutdownHook.java:147)
	at java.base/java.lang.Iterable.forEach(Iterable.java:75)
	at org.springframework.boot.SpringApplicationShutdownHook.run(SpringApplicationShutdownHook.java:116)
	at java.base/java.lang.Thread.run(Thread.java:1474)
2026-09-30 17:37:07 INFO  [SpringApplicationShutdownHook] c.netflix.discovery.DiscoveryClient : Completed shut down of DiscoveryClient
